 Container hostez-web-web-1  Running
Verificando /home/jefe/linked/csv ás lun 09 jun 2025 19:50:25 CEST
Ningún ficheiro CSV atopado nesta iteración
Bringing machine 'default' up with 'virtualbox' provider...
Bringing machine 'default' up with 'virtualbox' provider...
Verificando /home/jefe/linked/csv ás lun 09 jun 2025 19:50:26 CEST
Ningún ficheiro CSV atopado nesta iteración
==> default: Checking if box 'debian/bookworm64' version '12.20250126.1' is up to date...
==> default: Checking if box 'debian/bookworm64' version '12.20250126.1' is up to date...
A VirtualBox machine with the name 'test2' already exists.
Please use another name or delete the machine with the existing
name, and try again.
Verificando /home/jefe/linked/csv ás lun 09 jun 2025 19:50:27 CEST
Ningún ficheiro CSV atopado nesta iteración
A VirtualBox machine with the name 'test1' already exists.
Please use another name or delete the machine with the existing
name, and try again.
Verificando /home/jefe/linked/csv ás lun 09 jun 2025 19:50:28 CEST
Ningún ficheiro CSV atopado nesta iteración
Verificando /home/jefe/linked/csv ás lun 09 jun 2025 19:50:29 CEST
Ningún ficheiro CSV atopado nesta iteración
Verificando /home/jefe/linked/csv ás lun 09 jun 2025 19:50:30 CEST
Ningún ficheiro CSV atopado nesta iteración
 Container hostez-web-web-1  Running
Verificando /home/jefe/linked/csv ás lun 09 jun 2025 19:50:30 CEST
Ningún ficheiro CSV atopado nesta iteración
Verificando /home/jefe/linked/csv ás lun 09 jun 2025 19:50:31 CEST
Ningún ficheiro CSV atopado nesta iteración
Bringing machine 'default' up with 'virtualbox' provider...
Bringing machine 'default' up with 'virtualbox' provider...
Verificando /home/jefe/linked/csv ás lun 09 jun 2025 19:50:31 CEST
Ningún ficheiro CSV atopado nesta iteración
Verificando /home/jefe/linked/csv ás lun 09 jun 2025 19:50:32 CEST
Ningún ficheiro CSV atopado nesta iteración
==> default: Checking if box 'debian/bookworm64' version '12.20250126.1' is up to date...
==> default: Checking if box 'debian/bookworm64' version '12.20250126.1' is up to date...
A VirtualBox machine with the name 'test1' already exists.
Please use another name or delete the machine with the existing
name, and try again.
A VirtualBox machine with the name 'test2' already exists.
Please use another name or delete the machine with the existing
name, and try again.
Verificando /home/jefe/linked/csv ás lun 09 jun 2025 19:50:32 CEST
Ningún ficheiro CSV atopado nesta iteración
Verificando /home/jefe/linked/csv ás lun 09 jun 2025 19:50:33 CEST
Ningún ficheiro CSV atopado nesta iteración
Verificando /home/jefe/linked/csv ás lun 09 jun 2025 19:50:33 CEST
Ningún ficheiro CSV atopado nesta iteración
Verificando /home/jefe/linked/csv ás lun 09 jun 2025 19:50:34 CEST
Ningún ficheiro CSV atopado nesta iteración
Verificando /home/jefe/linked/csv ás lun 09 jun 2025 19:50:34 CEST
Ningún ficheiro CSV atopado nesta iteración
Verificando /home/jefe/linked/csv ás lun 09 jun 2025 19:50:35 CEST
Ningún ficheiro CSV atopado nesta iteración
Verificando /home/jefe/linked/csv ás lun 09 jun 2025 19:50:35 CEST
Ningún ficheiro CSV atopado nesta iteración
Verificando /home/jefe/linked/csv ás lun 09 jun 2025 19:50:36 CEST
Ningún ficheiro CSV atopado nesta iteración
Verificando /home/jefe/linked/csv ás lun 09 jun 2025 19:50:36 CEST
Ningún ficheiro CSV atopado nesta iteración
Verificando /home/jefe/linked/csv ás lun 09 jun 2025 19:50:37 CEST
Ningún ficheiro CSV atopado nesta iteración
Verificando /home/jefe/linked/csv ás lun 09 jun 2025 19:50:37 CEST
Ningún ficheiro CSV atopado nesta iteración
Verificando /home/jefe/linked/csv ás lun 09 jun 2025 19:50:38 CEST
Ningún ficheiro CSV atopado nesta iteración
Verificando /home/jefe/linked/csv ás lun 09 jun 2025 19:50:38 CEST
Ningún ficheiro CSV atopado nesta iteración
Verificando /home/jefe/linked/csv ás lun 09 jun 2025 19:50:39 CEST
Ningún ficheiro CSV atopado nesta iteración
Verificando /home/jefe/linked/csv ás lun 09 jun 2025 19:50:39 CEST
Ningún ficheiro CSV atopado nesta iteración
Verificando /home/jefe/linked/csv ás lun 09 jun 2025 19:50:40 CEST
Ningún ficheiro CSV atopado nesta iteración
Verificando /home/jefe/linked/csv ás lun 09 jun 2025 19:50:40 CEST
Ningún ficheiro CSV atopado nesta iteración
Verificando /home/jefe/linked/csv ás lun 09 jun 2025 19:50:41 CEST
Ningún ficheiro CSV atopado nesta iteración
Verificando /home/jefe/linked/csv ás lun 09 jun 2025 19:50:41 CEST
Ningún ficheiro CSV atopado nesta iteración
Verificando /home/jefe/linked/csv ás lun 09 jun 2025 19:50:42 CEST
Ningún ficheiro CSV atopado nesta iteración
Verificando /home/jefe/linked/csv ás lun 09 jun 2025 19:50:42 CEST
Ningún ficheiro CSV atopado nesta iteración
Verificando /home/jefe/linked/csv ás lun 09 jun 2025 19:50:43 CEST
Ningún ficheiro CSV atopado nesta iteración
Verificando /home/jefe/linked/csv ás lun 09 jun 2025 19:50:43 CEST
Ningún ficheiro CSV atopado nesta iteración
Verificando /home/jefe/linked/csv ás lun 09 jun 2025 19:50:44 CEST
Ningún ficheiro CSV atopado nesta iteración
Verificando /home/jefe/linked/csv ás lun 09 jun 2025 19:50:44 CEST
Ningún ficheiro CSV atopado nesta iteración
Verificando /home/jefe/linked/csv ás lun 09 jun 2025 19:50:45 CEST
Ningún ficheiro CSV atopado nesta iteración
Verificando /home/jefe/linked/csv ás lun 09 jun 2025 19:50:45 CEST
Ningún ficheiro CSV atopado nesta iteración
Verificando /home/jefe/linked/csv ás lun 09 jun 2025 19:50:46 CEST
Ningún ficheiro CSV atopado nesta iteración
Verificando /home/jefe/linked/csv ás lun 09 jun 2025 19:50:46 CEST
Ningún ficheiro CSV atopado nesta iteración
Verificando /home/jefe/linked/csv ás lun 09 jun 2025 19:50:47 CEST
Ningún ficheiro CSV atopado nesta iteración
Verificando /home/jefe/linked/csv ás lun 09 jun 2025 19:50:47 CEST
Ningún ficheiro CSV atopado nesta iteración
Verificando /home/jefe/linked/csv ás lun 09 jun 2025 19:50:48 CEST
Ningún ficheiro CSV atopado nesta iteración
Verificando /home/jefe/linked/csv ás lun 09 jun 2025 19:50:48 CEST
Ningún ficheiro CSV atopado nesta iteración
Verificando /home/jefe/linked/csv ás lun 09 jun 2025 19:50:49 CEST
Ningún ficheiro CSV atopado nesta iteración
Verificando /home/jefe/linked/csv ás lun 09 jun 2025 19:50:49 CEST
Ningún ficheiro CSV atopado nesta iteración
Verificando /home/jefe/linked/csv ás lun 09 jun 2025 19:50:50 CEST
Ningún ficheiro CSV atopado nesta iteración
Verificando /home/jefe/linked/csv ás lun 09 jun 2025 19:50:50 CEST
Ningún ficheiro CSV atopado nesta iteración
Verificando /home/jefe/linked/csv ás lun 09 jun 2025 19:50:51 CEST
Ningún ficheiro CSV atopado nesta iteración
Verificando /home/jefe/linked/csv ás lun 09 jun 2025 19:50:51 CEST
Ningún ficheiro CSV atopado nesta iteración
Verificando /home/jefe/linked/csv ás lun 09 jun 2025 19:50:52 CEST
Ningún ficheiro CSV atopado nesta iteración
Verificando /home/jefe/linked/csv ás lun 09 jun 2025 19:50:52 CEST
Ningún ficheiro CSV atopado nesta iteración
Verificando /home/jefe/linked/csv ás lun 09 jun 2025 19:50:53 CEST
Ningún ficheiro CSV atopado nesta iteración
Verificando /home/jefe/linked/csv ás lun 09 jun 2025 19:50:53 CEST
Ningún ficheiro CSV atopado nesta iteración
Verificando /home/jefe/linked/csv ás lun 09 jun 2025 19:50:54 CEST
Ningún ficheiro CSV atopado nesta iteración
Verificando /home/jefe/linked/csv ás lun 09 jun 2025 19:50:54 CEST
Ningún ficheiro CSV atopado nesta iteración
Verificando /home/jefe/linked/csv ás lun 09 jun 2025 19:50:55 CEST
Ningún ficheiro CSV atopado nesta iteración
Verificando /home/jefe/linked/csv ás lun 09 jun 2025 19:50:55 CEST
Ningún ficheiro CSV atopado nesta iteración
Verificando /home/jefe/linked/csv ás lun 09 jun 2025 19:50:56 CEST
Ningún ficheiro CSV atopado nesta iteración
Verificando /home/jefe/linked/csv ás lun 09 jun 2025 19:50:56 CEST
Ningún ficheiro CSV atopado nesta iteración
Verificando /home/jefe/linked/csv ás lun 09 jun 2025 19:50:57 CEST
Ningún ficheiro CSV atopado nesta iteración
Verificando /home/jefe/linked/csv ás lun 09 jun 2025 19:50:57 CEST
Ningún ficheiro CSV atopado nesta iteración
Verificando /home/jefe/linked/csv ás lun 09 jun 2025 19:50:58 CEST
Ningún ficheiro CSV atopado nesta iteración
Verificando /home/jefe/linked/csv ás lun 09 jun 2025 19:50:58 CEST
Ningún ficheiro CSV atopado nesta iteración
Verificando /home/jefe/linked/csv ás lun 09 jun 2025 19:50:59 CEST
Ningún ficheiro CSV atopado nesta iteración
Verificando /home/jefe/linked/csv ás lun 09 jun 2025 19:50:59 CEST
Ningún ficheiro CSV atopado nesta iteración
Verificando /home/jefe/linked/csv ás lun 09 jun 2025 19:51:00 CEST
Ningún ficheiro CSV atopado nesta iteración
Verificando /home/jefe/linked/csv ás lun 09 jun 2025 19:51:00 CEST
Ningún ficheiro CSV atopado nesta iteración
Verificando /home/jefe/linked/csv ás lun 09 jun 2025 19:51:01 CEST
Ningún ficheiro CSV atopado nesta iteración
Verificando /home/jefe/linked/csv ás lun 09 jun 2025 19:51:01 CEST
Ningún ficheiro CSV atopado nesta iteración
Verificando /home/jefe/linked/csv ás lun 09 jun 2025 19:51:02 CEST
Ningún ficheiro CSV atopado nesta iteración
Verificando /home/jefe/linked/csv ás lun 09 jun 2025 19:51:02 CEST
Ningún ficheiro CSV atopado nesta iteración
Verificando /home/jefe/linked/csv ás lun 09 jun 2025 19:51:03 CEST
Ningún ficheiro CSV atopado nesta iteración
Verificando /home/jefe/linked/csv ás lun 09 jun 2025 19:51:03 CEST
Ningún ficheiro CSV atopado nesta iteración
Verificando /home/jefe/linked/csv ás lun 09 jun 2025 19:51:04 CEST
Ningún ficheiro CSV atopado nesta iteración
Verificando /home/jefe/linked/csv ás lun 09 jun 2025 19:51:04 CEST
Ningún ficheiro CSV atopado nesta iteración
Verificando /home/jefe/linked/csv ás lun 09 jun 2025 19:51:05 CEST
Ningún ficheiro CSV atopado nesta iteración
Verificando /home/jefe/linked/csv ás lun 09 jun 2025 19:51:05 CEST
Ningún ficheiro CSV atopado nesta iteración
Verificando /home/jefe/linked/csv ás lun 09 jun 2025 19:51:06 CEST
Ningún ficheiro CSV atopado nesta iteración
Verificando /home/jefe/linked/csv ás lun 09 jun 2025 19:51:06 CEST
Ningún ficheiro CSV atopado nesta iteración
Verificando /home/jefe/linked/csv ás lun 09 jun 2025 19:51:07 CEST
Ningún ficheiro CSV atopado nesta iteración
Verificando /home/jefe/linked/csv ás lun 09 jun 2025 19:51:07 CEST
Ningún ficheiro CSV atopado nesta iteración
Verificando /home/jefe/linked/csv ás lun 09 jun 2025 19:51:08 CEST
Ningún ficheiro CSV atopado nesta iteración
Verificando /home/jefe/linked/csv ás lun 09 jun 2025 19:51:08 CEST
Ningún ficheiro CSV atopado nesta iteración
Verificando /home/jefe/linked/csv ás lun 09 jun 2025 19:51:09 CEST
Ningún ficheiro CSV atopado nesta iteración
Verificando /home/jefe/linked/csv ás lun 09 jun 2025 19:51:09 CEST
Ningún ficheiro CSV atopado nesta iteración
Verificando /home/jefe/linked/csv ás lun 09 jun 2025 19:51:10 CEST
Ningún ficheiro CSV atopado nesta iteración
Verificando /home/jefe/linked/csv ás lun 09 jun 2025 19:51:10 CEST
Ningún ficheiro CSV atopado nesta iteración
Verificando /home/jefe/linked/csv ás lun 09 jun 2025 19:51:11 CEST
Ningún ficheiro CSV atopado nesta iteración
Verificando /home/jefe/linked/csv ás lun 09 jun 2025 19:51:11 CEST
Ningún ficheiro CSV atopado nesta iteración
Verificando /home/jefe/linked/csv ás lun 09 jun 2025 19:51:12 CEST
Ningún ficheiro CSV atopado nesta iteración
Verificando /home/jefe/linked/csv ás lun 09 jun 2025 19:51:12 CEST
Ningún ficheiro CSV atopado nesta iteración
Verificando /home/jefe/linked/csv ás lun 09 jun 2025 19:51:13 CEST
Ningún ficheiro CSV atopado nesta iteración
Verificando /home/jefe/linked/csv ás lun 09 jun 2025 19:51:13 CEST
Ningún ficheiro CSV atopado nesta iteración
Verificando /home/jefe/linked/csv ás lun 09 jun 2025 19:51:14 CEST
Ningún ficheiro CSV atopado nesta iteración
Verificando /home/jefe/linked/csv ás lun 09 jun 2025 19:51:14 CEST
Ningún ficheiro CSV atopado nesta iteración
Verificando /home/jefe/linked/csv ás lun 09 jun 2025 19:51:15 CEST
Ningún ficheiro CSV atopado nesta iteración
Verificando /home/jefe/linked/csv ás lun 09 jun 2025 19:51:15 CEST
Ningún ficheiro CSV atopado nesta iteración
Verificando /home/jefe/linked/csv ás lun 09 jun 2025 19:51:16 CEST
Ningún ficheiro CSV atopado nesta iteración
Verificando /home/jefe/linked/csv ás lun 09 jun 2025 19:51:16 CEST
Ningún ficheiro CSV atopado nesta iteración
Verificando /home/jefe/linked/csv ás lun 09 jun 2025 19:51:17 CEST
Ningún ficheiro CSV atopado nesta iteración
Verificando /home/jefe/linked/csv ás lun 09 jun 2025 19:51:17 CEST
Ningún ficheiro CSV atopado nesta iteración
Verificando /home/jefe/linked/csv ás lun 09 jun 2025 19:51:18 CEST
Ningún ficheiro CSV atopado nesta iteración
Verificando /home/jefe/linked/csv ás lun 09 jun 2025 19:51:18 CEST
Ningún ficheiro CSV atopado nesta iteración
Verificando /home/jefe/linked/csv ás lun 09 jun 2025 19:51:19 CEST
Ningún ficheiro CSV atopado nesta iteración
Verificando /home/jefe/linked/csv ás lun 09 jun 2025 19:51:19 CEST
Ningún ficheiro CSV atopado nesta iteración
Verificando /home/jefe/linked/csv ás lun 09 jun 2025 19:51:20 CEST
Ningún ficheiro CSV atopado nesta iteración
Verificando /home/jefe/linked/csv ás lun 09 jun 2025 19:51:20 CEST
Ningún ficheiro CSV atopado nesta iteración
Verificando /home/jefe/linked/csv ás lun 09 jun 2025 19:51:21 CEST
Ningún ficheiro CSV atopado nesta iteración
Verificando /home/jefe/linked/csv ás lun 09 jun 2025 19:51:21 CEST
Ningún ficheiro CSV atopado nesta iteración
Verificando /home/jefe/linked/csv ás lun 09 jun 2025 19:51:22 CEST
Ningún ficheiro CSV atopado nesta iteración
Verificando /home/jefe/linked/csv ás lun 09 jun 2025 19:51:22 CEST
Ningún ficheiro CSV atopado nesta iteración
Verificando /home/jefe/linked/csv ás lun 09 jun 2025 19:51:23 CEST
Ningún ficheiro CSV atopado nesta iteración
Verificando /home/jefe/linked/csv ás lun 09 jun 2025 19:51:23 CEST
Ningún ficheiro CSV atopado nesta iteración
Verificando /home/jefe/linked/csv ás lun 09 jun 2025 19:51:24 CEST
Ningún ficheiro CSV atopado nesta iteración
Verificando /home/jefe/linked/csv ás lun 09 jun 2025 19:51:24 CEST
Ningún ficheiro CSV atopado nesta iteración
Verificando /home/jefe/linked/csv ás lun 09 jun 2025 19:51:25 CEST
Ningún ficheiro CSV atopado nesta iteración
Verificando /home/jefe/linked/csv ás lun 09 jun 2025 19:51:25 CEST
Ningún ficheiro CSV atopado nesta iteración
Verificando /home/jefe/linked/csv ás lun 09 jun 2025 19:51:26 CEST
Ningún ficheiro CSV atopado nesta iteración
Verificando /home/jefe/linked/csv ás lun 09 jun 2025 19:51:26 CEST
Ningún ficheiro CSV atopado nesta iteración
Verificando /home/jefe/linked/csv ás lun 09 jun 2025 19:51:27 CEST
Ningún ficheiro CSV atopado nesta iteración
Verificando /home/jefe/linked/csv ás lun 09 jun 2025 19:51:27 CEST
Ningún ficheiro CSV atopado nesta iteración
Verificando /home/jefe/linked/csv ás lun 09 jun 2025 19:51:28 CEST
Ningún ficheiro CSV atopado nesta iteración
Verificando /home/jefe/linked/csv ás lun 09 jun 2025 19:51:28 CEST
Ningún ficheiro CSV atopado nesta iteración
 Container hostez-web-web-1  Running
Verificando /home/jefe/linked/csv ás lun 09 jun 2025 19:51:29 CEST
Ningún ficheiro CSV atopado nesta iteración
Verificando /home/jefe/linked/csv ás lun 09 jun 2025 19:51:29 CEST
Ningún ficheiro CSV atopado nesta iteración
Verificando /home/jefe/linked/csv ás lun 09 jun 2025 19:51:30 CEST
Ningún ficheiro CSV atopado nesta iteración
Verificando /home/jefe/linked/csv ás lun 09 jun 2025 19:51:30 CEST
Ningún ficheiro CSV atopado nesta iteración
Verificando /home/jefe/linked/csv ás lun 09 jun 2025 19:51:31 CEST
Ningún ficheiro CSV atopado nesta iteración
Verificando /home/jefe/linked/csv ás lun 09 jun 2025 19:51:31 CEST
Ningún ficheiro CSV atopado nesta iteración
Verificando /home/jefe/linked/csv ás lun 09 jun 2025 19:51:32 CEST
Ningún ficheiro CSV atopado nesta iteración
Verificando /home/jefe/linked/csv ás lun 09 jun 2025 19:51:32 CEST
Ningún ficheiro CSV atopado nesta iteración
Verificando /home/jefe/linked/csv ás lun 09 jun 2025 19:51:33 CEST
Ningún ficheiro CSV atopado nesta iteración
Verificando /home/jefe/linked/csv ás lun 09 jun 2025 19:51:33 CEST
Ningún ficheiro CSV atopado nesta iteración
Verificando /home/jefe/linked/csv ás lun 09 jun 2025 19:51:34 CEST
Ningún ficheiro CSV atopado nesta iteración
Verificando /home/jefe/linked/csv ás lun 09 jun 2025 19:51:34 CEST
Ningún ficheiro CSV atopado nesta iteración
Verificando /home/jefe/linked/csv ás lun 09 jun 2025 19:51:35 CEST
Ningún ficheiro CSV atopado nesta iteración
Verificando /home/jefe/linked/csv ás lun 09 jun 2025 19:51:35 CEST
Ningún ficheiro CSV atopado nesta iteración
Verificando /home/jefe/linked/csv ás lun 09 jun 2025 19:51:36 CEST
Ningún ficheiro CSV atopado nesta iteración
Verificando /home/jefe/linked/csv ás lun 09 jun 2025 19:51:36 CEST
Ningún ficheiro CSV atopado nesta iteración
Verificando /home/jefe/linked/csv ás lun 09 jun 2025 19:51:37 CEST
Ningún ficheiro CSV atopado nesta iteración
Verificando /home/jefe/linked/csv ás lun 09 jun 2025 19:51:37 CEST
Ningún ficheiro CSV atopado nesta iteración
Verificando /home/jefe/linked/csv ás lun 09 jun 2025 19:51:38 CEST
Ningún ficheiro CSV atopado nesta iteración
Verificando /home/jefe/linked/csv ás lun 09 jun 2025 19:51:38 CEST
Ningún ficheiro CSV atopado nesta iteración
Verificando /home/jefe/linked/csv ás lun 09 jun 2025 19:51:39 CEST
Ningún ficheiro CSV atopado nesta iteración
Verificando /home/jefe/linked/csv ás lun 09 jun 2025 19:51:39 CEST
Ningún ficheiro CSV atopado nesta iteración
Verificando /home/jefe/linked/csv ás lun 09 jun 2025 19:51:40 CEST
Ningún ficheiro CSV atopado nesta iteración
Verificando /home/jefe/linked/csv ás lun 09 jun 2025 19:51:40 CEST
Ningún ficheiro CSV atopado nesta iteración
Verificando /home/jefe/linked/csv ás lun 09 jun 2025 19:51:41 CEST
Ningún ficheiro CSV atopado nesta iteración
Verificando /home/jefe/linked/csv ás lun 09 jun 2025 19:51:41 CEST
Ningún ficheiro CSV atopado nesta iteración
Verificando /home/jefe/linked/csv ás lun 09 jun 2025 19:51:42 CEST
Ningún ficheiro CSV atopado nesta iteración
Verificando /home/jefe/linked/csv ás lun 09 jun 2025 19:51:42 CEST
Ningún ficheiro CSV atopado nesta iteración
Verificando /home/jefe/linked/csv ás lun 09 jun 2025 19:51:43 CEST
Ningún ficheiro CSV atopado nesta iteración
Verificando /home/jefe/linked/csv ás lun 09 jun 2025 19:51:43 CEST
Ningún ficheiro CSV atopado nesta iteración
Verificando /home/jefe/linked/csv ás lun 09 jun 2025 19:51:44 CEST
Ningún ficheiro CSV atopado nesta iteración
Verificando /home/jefe/linked/csv ás lun 09 jun 2025 19:51:44 CEST
Ningún ficheiro CSV atopado nesta iteración
Verificando /home/jefe/linked/csv ás lun 09 jun 2025 19:51:45 CEST
Ningún ficheiro CSV atopado nesta iteración
Verificando /home/jefe/linked/csv ás lun 09 jun 2025 19:51:45 CEST
Ningún ficheiro CSV atopado nesta iteración
Verificando /home/jefe/linked/csv ás lun 09 jun 2025 19:51:46 CEST
Ningún ficheiro CSV atopado nesta iteración
Verificando /home/jefe/linked/csv ás lun 09 jun 2025 19:51:47 CEST
Ningún ficheiro CSV atopado nesta iteración
Verificando /home/jefe/linked/csv ás lun 09 jun 2025 19:51:47 CEST
Ningún ficheiro CSV atopado nesta iteración
Verificando /home/jefe/linked/csv ás lun 09 jun 2025 19:51:48 CEST
Ningún ficheiro CSV atopado nesta iteración
Verificando /home/jefe/linked/csv ás lun 09 jun 2025 19:51:48 CEST
Ningún ficheiro CSV atopado nesta iteración
Verificando /home/jefe/linked/csv ás lun 09 jun 2025 19:51:49 CEST
Ningún ficheiro CSV atopado nesta iteración
Verificando /home/jefe/linked/csv ás lun 09 jun 2025 19:51:49 CEST
Ningún ficheiro CSV atopado nesta iteración
Verificando /home/jefe/linked/csv ás lun 09 jun 2025 19:51:50 CEST
Ningún ficheiro CSV atopado nesta iteración
Verificando /home/jefe/linked/csv ás lun 09 jun 2025 19:51:50 CEST
Ningún ficheiro CSV atopado nesta iteración
Verificando /home/jefe/linked/csv ás lun 09 jun 2025 19:51:51 CEST
Ningún ficheiro CSV atopado nesta iteración
Verificando /home/jefe/linked/csv ás lun 09 jun 2025 19:51:51 CEST
Ningún ficheiro CSV atopado nesta iteración
Verificando /home/jefe/linked/csv ás lun 09 jun 2025 19:51:52 CEST
Ningún ficheiro CSV atopado nesta iteración
Verificando /home/jefe/linked/csv ás lun 09 jun 2025 19:51:52 CEST
Ningún ficheiro CSV atopado nesta iteración
Verificando /home/jefe/linked/csv ás lun 09 jun 2025 19:51:53 CEST
Ningún ficheiro CSV atopado nesta iteración
Verificando /home/jefe/linked/csv ás lun 09 jun 2025 19:51:53 CEST
Ningún ficheiro CSV atopado nesta iteración
Verificando /home/jefe/linked/csv ás lun 09 jun 2025 19:51:54 CEST
Ningún ficheiro CSV atopado nesta iteración
Verificando /home/jefe/linked/csv ás lun 09 jun 2025 19:51:54 CEST
Ningún ficheiro CSV atopado nesta iteración
Verificando /home/jefe/linked/csv ás lun 09 jun 2025 19:51:55 CEST
Ningún ficheiro CSV atopado nesta iteración
Verificando /home/jefe/linked/csv ás lun 09 jun 2025 19:51:55 CEST
Ningún ficheiro CSV atopado nesta iteración
Verificando /home/jefe/linked/csv ás lun 09 jun 2025 19:51:56 CEST
Ningún ficheiro CSV atopado nesta iteración
Verificando /home/jefe/linked/csv ás lun 09 jun 2025 19:51:56 CEST
Ningún ficheiro CSV atopado nesta iteración
Verificando /home/jefe/linked/csv ás lun 09 jun 2025 19:51:57 CEST
Ningún ficheiro CSV atopado nesta iteración
Verificando /home/jefe/linked/csv ás lun 09 jun 2025 19:51:57 CEST
Ningún ficheiro CSV atopado nesta iteración
Verificando /home/jefe/linked/csv ás lun 09 jun 2025 19:51:58 CEST
Ningún ficheiro CSV atopado nesta iteración
Verificando /home/jefe/linked/csv ás lun 09 jun 2025 19:51:58 CEST
Ningún ficheiro CSV atopado nesta iteración
Verificando /home/jefe/linked/csv ás lun 09 jun 2025 19:51:59 CEST
Ningún ficheiro CSV atopado nesta iteración
Verificando /home/jefe/linked/csv ás lun 09 jun 2025 19:51:59 CEST
Ningún ficheiro CSV atopado nesta iteración
Verificando /home/jefe/linked/csv ás lun 09 jun 2025 19:52:00 CEST
Ningún ficheiro CSV atopado nesta iteración
Verificando /home/jefe/linked/csv ás lun 09 jun 2025 19:52:00 CEST
Ningún ficheiro CSV atopado nesta iteración
Verificando /home/jefe/linked/csv ás lun 09 jun 2025 19:52:01 CEST
Ningún ficheiro CSV atopado nesta iteración
Verificando /home/jefe/linked/csv ás lun 09 jun 2025 19:52:01 CEST
Ningún ficheiro CSV atopado nesta iteración
Verificando /home/jefe/linked/csv ás lun 09 jun 2025 19:52:02 CEST
Ningún ficheiro CSV atopado nesta iteración
Verificando /home/jefe/linked/csv ás lun 09 jun 2025 19:52:02 CEST
Ningún ficheiro CSV atopado nesta iteración
Verificando /home/jefe/linked/csv ás lun 09 jun 2025 19:52:03 CEST
Ningún ficheiro CSV atopado nesta iteración
Verificando /home/jefe/linked/csv ás lun 09 jun 2025 19:52:03 CEST
Ningún ficheiro CSV atopado nesta iteración
Verificando /home/jefe/linked/csv ás lun 09 jun 2025 19:52:04 CEST
Ningún ficheiro CSV atopado nesta iteración
Verificando /home/jefe/linked/csv ás lun 09 jun 2025 19:52:04 CEST
Ningún ficheiro CSV atopado nesta iteración
Verificando /home/jefe/linked/csv ás lun 09 jun 2025 19:52:05 CEST
Ningún ficheiro CSV atopado nesta iteración
Verificando /home/jefe/linked/csv ás lun 09 jun 2025 19:52:05 CEST
Ningún ficheiro CSV atopado nesta iteración
Verificando /home/jefe/linked/csv ás lun 09 jun 2025 19:52:06 CEST
Ningún ficheiro CSV atopado nesta iteración
Verificando /home/jefe/linked/csv ás lun 09 jun 2025 19:52:06 CEST
Ningún ficheiro CSV atopado nesta iteración
Verificando /home/jefe/linked/csv ás lun 09 jun 2025 19:52:07 CEST
Ningún ficheiro CSV atopado nesta iteración
Verificando /home/jefe/linked/csv ás lun 09 jun 2025 19:52:07 CEST
Ningún ficheiro CSV atopado nesta iteración
Verificando /home/jefe/linked/csv ás lun 09 jun 2025 19:52:08 CEST
Ningún ficheiro CSV atopado nesta iteración
Verificando /home/jefe/linked/csv ás lun 09 jun 2025 19:52:08 CEST
Ningún ficheiro CSV atopado nesta iteración
Verificando /home/jefe/linked/csv ás lun 09 jun 2025 19:52:09 CEST
Ningún ficheiro CSV atopado nesta iteración
Verificando /home/jefe/linked/csv ás lun 09 jun 2025 19:52:09 CEST
Ningún ficheiro CSV atopado nesta iteración
Verificando /home/jefe/linked/csv ás lun 09 jun 2025 19:52:10 CEST
Ningún ficheiro CSV atopado nesta iteración
Verificando /home/jefe/linked/csv ás lun 09 jun 2025 19:52:10 CEST
Ningún ficheiro CSV atopado nesta iteración
Verificando /home/jefe/linked/csv ás lun 09 jun 2025 19:52:11 CEST
Ningún ficheiro CSV atopado nesta iteración
Verificando /home/jefe/linked/csv ás lun 09 jun 2025 19:52:11 CEST
Ningún ficheiro CSV atopado nesta iteración
Verificando /home/jefe/linked/csv ás lun 09 jun 2025 19:52:12 CEST
Ningún ficheiro CSV atopado nesta iteración
Verificando /home/jefe/linked/csv ás lun 09 jun 2025 19:52:12 CEST
Ningún ficheiro CSV atopado nesta iteración
Verificando /home/jefe/linked/csv ás lun 09 jun 2025 19:52:13 CEST
Ningún ficheiro CSV atopado nesta iteración
Verificando /home/jefe/linked/csv ás lun 09 jun 2025 19:52:13 CEST
Ningún ficheiro CSV atopado nesta iteración
Verificando /home/jefe/linked/csv ás lun 09 jun 2025 19:52:14 CEST
Ningún ficheiro CSV atopado nesta iteración
Verificando /home/jefe/linked/csv ás lun 09 jun 2025 19:52:14 CEST
Ningún ficheiro CSV atopado nesta iteración
Verificando /home/jefe/linked/csv ás lun 09 jun 2025 19:52:15 CEST
Ningún ficheiro CSV atopado nesta iteración
Verificando /home/jefe/linked/csv ás lun 09 jun 2025 19:52:15 CEST
Ningún ficheiro CSV atopado nesta iteración
Verificando /home/jefe/linked/csv ás lun 09 jun 2025 19:52:16 CEST
Ningún ficheiro CSV atopado nesta iteración
Verificando /home/jefe/linked/csv ás lun 09 jun 2025 19:52:16 CEST
Ningún ficheiro CSV atopado nesta iteración
Verificando /home/jefe/linked/csv ás lun 09 jun 2025 19:52:17 CEST
Ningún ficheiro CSV atopado nesta iteración
Verificando /home/jefe/linked/csv ás lun 09 jun 2025 19:52:17 CEST
Ningún ficheiro CSV atopado nesta iteración
Verificando /home/jefe/linked/csv ás lun 09 jun 2025 19:52:18 CEST
Ningún ficheiro CSV atopado nesta iteración
Verificando /home/jefe/linked/csv ás lun 09 jun 2025 19:52:18 CEST
Ningún ficheiro CSV atopado nesta iteración
Verificando /home/jefe/linked/csv ás lun 09 jun 2025 19:52:19 CEST
Ningún ficheiro CSV atopado nesta iteración
Verificando /home/jefe/linked/csv ás lun 09 jun 2025 19:52:19 CEST
Ningún ficheiro CSV atopado nesta iteración
Verificando /home/jefe/linked/csv ás lun 09 jun 2025 19:52:20 CEST
Ningún ficheiro CSV atopado nesta iteración
Verificando /home/jefe/linked/csv ás lun 09 jun 2025 19:52:20 CEST
Ningún ficheiro CSV atopado nesta iteración
Verificando /home/jefe/linked/csv ás lun 09 jun 2025 19:52:21 CEST
Ningún ficheiro CSV atopado nesta iteración
Verificando /home/jefe/linked/csv ás lun 09 jun 2025 19:52:21 CEST
Ningún ficheiro CSV atopado nesta iteración
Verificando /home/jefe/linked/csv ás lun 09 jun 2025 19:52:22 CEST
Ningún ficheiro CSV atopado nesta iteración
Verificando /home/jefe/linked/csv ás lun 09 jun 2025 19:52:22 CEST
Ningún ficheiro CSV atopado nesta iteración
Verificando /home/jefe/linked/csv ás lun 09 jun 2025 19:52:23 CEST
Ningún ficheiro CSV atopado nesta iteración
Verificando /home/jefe/linked/csv ás lun 09 jun 2025 19:52:23 CEST
Ningún ficheiro CSV atopado nesta iteración
Verificando /home/jefe/linked/csv ás lun 09 jun 2025 19:52:24 CEST
Ningún ficheiro CSV atopado nesta iteración
Verificando /home/jefe/linked/csv ás lun 09 jun 2025 19:52:24 CEST
Ningún ficheiro CSV atopado nesta iteración
Verificando /home/jefe/linked/csv ás lun 09 jun 2025 19:52:25 CEST
Ningún ficheiro CSV atopado nesta iteración
Verificando /home/jefe/linked/csv ás lun 09 jun 2025 19:52:25 CEST
Ningún ficheiro CSV atopado nesta iteración
Verificando /home/jefe/linked/csv ás lun 09 jun 2025 19:52:26 CEST
Ningún ficheiro CSV atopado nesta iteración
Verificando /home/jefe/linked/csv ás lun 09 jun 2025 19:52:26 CEST
Ningún ficheiro CSV atopado nesta iteración
Verificando /home/jefe/linked/csv ás lun 09 jun 2025 19:52:27 CEST
Ningún ficheiro CSV atopado nesta iteración
Verificando /home/jefe/linked/csv ás lun 09 jun 2025 19:52:27 CEST
Ningún ficheiro CSV atopado nesta iteración
Verificando /home/jefe/linked/csv ás lun 09 jun 2025 19:52:28 CEST
Ningún ficheiro CSV atopado nesta iteración
Verificando /home/jefe/linked/csv ás lun 09 jun 2025 19:52:28 CEST
Ningún ficheiro CSV atopado nesta iteración
Verificando /home/jefe/linked/csv ás lun 09 jun 2025 19:52:29 CEST
Ningún ficheiro CSV atopado nesta iteración
Verificando /home/jefe/linked/csv ás lun 09 jun 2025 19:52:29 CEST
Ningún ficheiro CSV atopado nesta iteración
Verificando /home/jefe/linked/csv ás lun 09 jun 2025 19:52:30 CEST
Ningún ficheiro CSV atopado nesta iteración
Verificando /home/jefe/linked/csv ás lun 09 jun 2025 19:52:30 CEST
Ningún ficheiro CSV atopado nesta iteración
Verificando /home/jefe/linked/csv ás lun 09 jun 2025 19:52:31 CEST
Ningún ficheiro CSV atopado nesta iteración
Verificando /home/jefe/linked/csv ás lun 09 jun 2025 19:52:31 CEST
Ningún ficheiro CSV atopado nesta iteración
Verificando /home/jefe/linked/csv ás lun 09 jun 2025 19:52:32 CEST
Ningún ficheiro CSV atopado nesta iteración
Verificando /home/jefe/linked/csv ás lun 09 jun 2025 19:52:32 CEST
Ningún ficheiro CSV atopado nesta iteración
Verificando /home/jefe/linked/csv ás lun 09 jun 2025 19:52:33 CEST
Ningún ficheiro CSV atopado nesta iteración
Verificando /home/jefe/linked/csv ás lun 09 jun 2025 19:52:33 CEST
Ningún ficheiro CSV atopado nesta iteración
Verificando /home/jefe/linked/csv ás lun 09 jun 2025 19:52:34 CEST
Ningún ficheiro CSV atopado nesta iteración
Verificando /home/jefe/linked/csv ás lun 09 jun 2025 19:52:34 CEST
Ningún ficheiro CSV atopado nesta iteración
Verificando /home/jefe/linked/csv ás lun 09 jun 2025 19:52:35 CEST
Ningún ficheiro CSV atopado nesta iteración
Verificando /home/jefe/linked/csv ás lun 09 jun 2025 19:52:35 CEST
Ningún ficheiro CSV atopado nesta iteración
Verificando /home/jefe/linked/csv ás lun 09 jun 2025 19:52:36 CEST
Ningún ficheiro CSV atopado nesta iteración
Verificando /home/jefe/linked/csv ás lun 09 jun 2025 19:52:36 CEST
Ningún ficheiro CSV atopado nesta iteración
Verificando /home/jefe/linked/csv ás lun 09 jun 2025 19:52:37 CEST
Ningún ficheiro CSV atopado nesta iteración
Verificando /home/jefe/linked/csv ás lun 09 jun 2025 19:52:37 CEST
Ningún ficheiro CSV atopado nesta iteración
Verificando /home/jefe/linked/csv ás lun 09 jun 2025 19:52:38 CEST
Ningún ficheiro CSV atopado nesta iteración
Verificando /home/jefe/linked/csv ás lun 09 jun 2025 19:52:38 CEST
Ningún ficheiro CSV atopado nesta iteración
Verificando /home/jefe/linked/csv ás lun 09 jun 2025 19:52:39 CEST
Ningún ficheiro CSV atopado nesta iteración
Verificando /home/jefe/linked/csv ás lun 09 jun 2025 19:52:39 CEST
Ningún ficheiro CSV atopado nesta iteración
Verificando /home/jefe/linked/csv ás lun 09 jun 2025 19:52:40 CEST
Ningún ficheiro CSV atopado nesta iteración
Verificando /home/jefe/linked/csv ás lun 09 jun 2025 19:52:40 CEST
Ningún ficheiro CSV atopado nesta iteración
Verificando /home/jefe/linked/csv ás lun 09 jun 2025 19:52:41 CEST
Ningún ficheiro CSV atopado nesta iteración
Verificando /home/jefe/linked/csv ás lun 09 jun 2025 19:52:41 CEST
Ningún ficheiro CSV atopado nesta iteración
Verificando /home/jefe/linked/csv ás lun 09 jun 2025 19:52:42 CEST
Ningún ficheiro CSV atopado nesta iteración
Verificando /home/jefe/linked/csv ás lun 09 jun 2025 19:52:42 CEST
Ningún ficheiro CSV atopado nesta iteración
Verificando /home/jefe/linked/csv ás lun 09 jun 2025 19:52:43 CEST
Ningún ficheiro CSV atopado nesta iteración
Verificando /home/jefe/linked/csv ás lun 09 jun 2025 19:52:43 CEST
Ningún ficheiro CSV atopado nesta iteración
Verificando /home/jefe/linked/csv ás lun 09 jun 2025 19:52:44 CEST
Ningún ficheiro CSV atopado nesta iteración
Verificando /home/jefe/linked/csv ás lun 09 jun 2025 19:52:44 CEST
Ningún ficheiro CSV atopado nesta iteración
Verificando /home/jefe/linked/csv ás lun 09 jun 2025 19:52:45 CEST
Ningún ficheiro CSV atopado nesta iteración
Verificando /home/jefe/linked/csv ás lun 09 jun 2025 19:52:45 CEST
Ningún ficheiro CSV atopado nesta iteración
Verificando /home/jefe/linked/csv ás lun 09 jun 2025 19:52:46 CEST
Ningún ficheiro CSV atopado nesta iteración
Verificando /home/jefe/linked/csv ás lun 09 jun 2025 19:52:46 CEST
Ningún ficheiro CSV atopado nesta iteración
Verificando /home/jefe/linked/csv ás lun 09 jun 2025 19:52:47 CEST
Ningún ficheiro CSV atopado nesta iteración
Verificando /home/jefe/linked/csv ás lun 09 jun 2025 19:52:47 CEST
Ningún ficheiro CSV atopado nesta iteración
Verificando /home/jefe/linked/csv ás lun 09 jun 2025 19:52:48 CEST
Ningún ficheiro CSV atopado nesta iteración
Verificando /home/jefe/linked/csv ás lun 09 jun 2025 19:52:48 CEST
Ningún ficheiro CSV atopado nesta iteración
Verificando /home/jefe/linked/csv ás lun 09 jun 2025 19:52:49 CEST
Ningún ficheiro CSV atopado nesta iteración
Verificando /home/jefe/linked/csv ás lun 09 jun 2025 19:52:49 CEST
Ningún ficheiro CSV atopado nesta iteración
Verificando /home/jefe/linked/csv ás lun 09 jun 2025 19:52:50 CEST
Ningún ficheiro CSV atopado nesta iteración
Verificando /home/jefe/linked/csv ás lun 09 jun 2025 19:52:50 CEST
Ningún ficheiro CSV atopado nesta iteración
Verificando /home/jefe/linked/csv ás lun 09 jun 2025 19:52:51 CEST
Ningún ficheiro CSV atopado nesta iteración
Verificando /home/jefe/linked/csv ás lun 09 jun 2025 19:52:51 CEST
Ningún ficheiro CSV atopado nesta iteración
Verificando /home/jefe/linked/csv ás lun 09 jun 2025 19:52:52 CEST
Ningún ficheiro CSV atopado nesta iteración
Verificando /home/jefe/linked/csv ás lun 09 jun 2025 19:52:52 CEST
Ningún ficheiro CSV atopado nesta iteración
Verificando /home/jefe/linked/csv ás lun 09 jun 2025 19:52:53 CEST
Ningún ficheiro CSV atopado nesta iteración
Verificando /home/jefe/linked/csv ás lun 09 jun 2025 19:52:53 CEST
Ningún ficheiro CSV atopado nesta iteración
Verificando /home/jefe/linked/csv ás lun 09 jun 2025 19:52:54 CEST
Ningún ficheiro CSV atopado nesta iteración
Verificando /home/jefe/linked/csv ás lun 09 jun 2025 19:52:54 CEST
Ningún ficheiro CSV atopado nesta iteración
Verificando /home/jefe/linked/csv ás lun 09 jun 2025 19:52:55 CEST
Ningún ficheiro CSV atopado nesta iteración
Verificando /home/jefe/linked/csv ás lun 09 jun 2025 19:52:55 CEST
Ningún ficheiro CSV atopado nesta iteración
Verificando /home/jefe/linked/csv ás lun 09 jun 2025 19:52:56 CEST
Ningún ficheiro CSV atopado nesta iteración
Verificando /home/jefe/linked/csv ás lun 09 jun 2025 19:52:56 CEST
Ningún ficheiro CSV atopado nesta iteración
Verificando /home/jefe/linked/csv ás lun 09 jun 2025 19:52:57 CEST
Ningún ficheiro CSV atopado nesta iteración
Verificando /home/jefe/linked/csv ás lun 09 jun 2025 19:52:57 CEST
Ningún ficheiro CSV atopado nesta iteración
Verificando /home/jefe/linked/csv ás lun 09 jun 2025 19:52:58 CEST
Ningún ficheiro CSV atopado nesta iteración
Verificando /home/jefe/linked/csv ás lun 09 jun 2025 19:52:58 CEST
Ningún ficheiro CSV atopado nesta iteración
Verificando /home/jefe/linked/csv ás lun 09 jun 2025 19:52:59 CEST
Ningún ficheiro CSV atopado nesta iteración
Verificando /home/jefe/linked/csv ás lun 09 jun 2025 19:52:59 CEST
Ningún ficheiro CSV atopado nesta iteración
Verificando /home/jefe/linked/csv ás lun 09 jun 2025 19:53:00 CEST
Ningún ficheiro CSV atopado nesta iteración
Verificando /home/jefe/linked/csv ás lun 09 jun 2025 19:53:00 CEST
Ningún ficheiro CSV atopado nesta iteración
Verificando /home/jefe/linked/csv ás lun 09 jun 2025 19:53:01 CEST
Ningún ficheiro CSV atopado nesta iteración
Verificando /home/jefe/linked/csv ás lun 09 jun 2025 19:53:01 CEST
Ningún ficheiro CSV atopado nesta iteración
Verificando /home/jefe/linked/csv ás lun 09 jun 2025 19:53:02 CEST
Ningún ficheiro CSV atopado nesta iteración
Verificando /home/jefe/linked/csv ás lun 09 jun 2025 19:53:02 CEST
Ningún ficheiro CSV atopado nesta iteración
Verificando /home/jefe/linked/csv ás lun 09 jun 2025 19:53:03 CEST
Ningún ficheiro CSV atopado nesta iteración
Verificando /home/jefe/linked/csv ás lun 09 jun 2025 19:53:03 CEST
Ningún ficheiro CSV atopado nesta iteración
Verificando /home/jefe/linked/csv ás lun 09 jun 2025 19:53:04 CEST
Ningún ficheiro CSV atopado nesta iteración
Verificando /home/jefe/linked/csv ás lun 09 jun 2025 19:53:04 CEST
Ningún ficheiro CSV atopado nesta iteración
Verificando /home/jefe/linked/csv ás lun 09 jun 2025 19:53:05 CEST
Ningún ficheiro CSV atopado nesta iteración
Verificando /home/jefe/linked/csv ás lun 09 jun 2025 19:53:05 CEST
Ningún ficheiro CSV atopado nesta iteración
Verificando /home/jefe/linked/csv ás lun 09 jun 2025 19:53:06 CEST
Ningún ficheiro CSV atopado nesta iteración
Verificando /home/jefe/linked/csv ás lun 09 jun 2025 19:53:06 CEST
Ningún ficheiro CSV atopado nesta iteración
Verificando /home/jefe/linked/csv ás lun 09 jun 2025 19:53:07 CEST
Ningún ficheiro CSV atopado nesta iteración
Verificando /home/jefe/linked/csv ás lun 09 jun 2025 19:53:07 CEST
Ningún ficheiro CSV atopado nesta iteración
Verificando /home/jefe/linked/csv ás lun 09 jun 2025 19:53:08 CEST
Ningún ficheiro CSV atopado nesta iteración
Verificando /home/jefe/linked/csv ás lun 09 jun 2025 19:53:08 CEST
Ningún ficheiro CSV atopado nesta iteración
Verificando /home/jefe/linked/csv ás lun 09 jun 2025 19:53:09 CEST
Ningún ficheiro CSV atopado nesta iteración
Verificando /home/jefe/linked/csv ás lun 09 jun 2025 19:53:09 CEST
Ningún ficheiro CSV atopado nesta iteración
Verificando /home/jefe/linked/csv ás lun 09 jun 2025 19:53:10 CEST
Ningún ficheiro CSV atopado nesta iteración
Verificando /home/jefe/linked/csv ás lun 09 jun 2025 19:53:10 CEST
Ningún ficheiro CSV atopado nesta iteración
Verificando /home/jefe/linked/csv ás lun 09 jun 2025 19:53:11 CEST
Ningún ficheiro CSV atopado nesta iteración
Verificando /home/jefe/linked/csv ás lun 09 jun 2025 19:53:11 CEST
Ningún ficheiro CSV atopado nesta iteración
Verificando /home/jefe/linked/csv ás lun 09 jun 2025 19:53:12 CEST
Ningún ficheiro CSV atopado nesta iteración
Verificando /home/jefe/linked/csv ás lun 09 jun 2025 19:53:12 CEST
Ningún ficheiro CSV atopado nesta iteración
Verificando /home/jefe/linked/csv ás lun 09 jun 2025 19:53:13 CEST
Ningún ficheiro CSV atopado nesta iteración
Verificando /home/jefe/linked/csv ás lun 09 jun 2025 19:53:13 CEST
Ningún ficheiro CSV atopado nesta iteración
Verificando /home/jefe/linked/csv ás lun 09 jun 2025 19:53:14 CEST
Ningún ficheiro CSV atopado nesta iteración
Verificando /home/jefe/linked/csv ás lun 09 jun 2025 19:53:14 CEST
Ningún ficheiro CSV atopado nesta iteración
Verificando /home/jefe/linked/csv ás lun 09 jun 2025 19:53:15 CEST
Ningún ficheiro CSV atopado nesta iteración
Verificando /home/jefe/linked/csv ás lun 09 jun 2025 19:53:15 CEST
Ningún ficheiro CSV atopado nesta iteración
Verificando /home/jefe/linked/csv ás lun 09 jun 2025 19:53:16 CEST
Ningún ficheiro CSV atopado nesta iteración
Verificando /home/jefe/linked/csv ás lun 09 jun 2025 19:53:16 CEST
Ningún ficheiro CSV atopado nesta iteración
Verificando /home/jefe/linked/csv ás lun 09 jun 2025 19:53:17 CEST
Ningún ficheiro CSV atopado nesta iteración
Verificando /home/jefe/linked/csv ás lun 09 jun 2025 19:53:17 CEST
Ningún ficheiro CSV atopado nesta iteración
Verificando /home/jefe/linked/csv ás lun 09 jun 2025 19:53:18 CEST
Ningún ficheiro CSV atopado nesta iteración
Verificando /home/jefe/linked/csv ás lun 09 jun 2025 19:53:18 CEST
Ningún ficheiro CSV atopado nesta iteración
Verificando /home/jefe/linked/csv ás lun 09 jun 2025 19:53:19 CEST
Ningún ficheiro CSV atopado nesta iteración
Verificando /home/jefe/linked/csv ás lun 09 jun 2025 19:53:19 CEST
Ningún ficheiro CSV atopado nesta iteración
Verificando /home/jefe/linked/csv ás lun 09 jun 2025 19:53:20 CEST
Ningún ficheiro CSV atopado nesta iteración
Verificando /home/jefe/linked/csv ás lun 09 jun 2025 19:53:20 CEST
Ningún ficheiro CSV atopado nesta iteración
Verificando /home/jefe/linked/csv ás lun 09 jun 2025 19:53:21 CEST
Ningún ficheiro CSV atopado nesta iteración
Verificando /home/jefe/linked/csv ás lun 09 jun 2025 19:53:21 CEST
Ningún ficheiro CSV atopado nesta iteración
Verificando /home/jefe/linked/csv ás lun 09 jun 2025 19:53:22 CEST
Ningún ficheiro CSV atopado nesta iteración
Verificando /home/jefe/linked/csv ás lun 09 jun 2025 19:53:22 CEST
Ningún ficheiro CSV atopado nesta iteración
Verificando /home/jefe/linked/csv ás lun 09 jun 2025 19:53:23 CEST
Ningún ficheiro CSV atopado nesta iteración
Verificando /home/jefe/linked/csv ás lun 09 jun 2025 19:53:23 CEST
Ningún ficheiro CSV atopado nesta iteración
Verificando /home/jefe/linked/csv ás lun 09 jun 2025 19:53:24 CEST
Ningún ficheiro CSV atopado nesta iteración
Verificando /home/jefe/linked/csv ás lun 09 jun 2025 19:53:24 CEST
Ningún ficheiro CSV atopado nesta iteración
Verificando /home/jefe/linked/csv ás lun 09 jun 2025 19:53:25 CEST
Ningún ficheiro CSV atopado nesta iteración
Verificando /home/jefe/linked/csv ás lun 09 jun 2025 19:53:25 CEST
Ningún ficheiro CSV atopado nesta iteración
Verificando /home/jefe/linked/csv ás lun 09 jun 2025 19:53:26 CEST
Ningún ficheiro CSV atopado nesta iteración
Verificando /home/jefe/linked/csv ás lun 09 jun 2025 19:53:26 CEST
Ningún ficheiro CSV atopado nesta iteración
Verificando /home/jefe/linked/csv ás lun 09 jun 2025 19:53:27 CEST
Ningún ficheiro CSV atopado nesta iteración
Verificando /home/jefe/linked/csv ás lun 09 jun 2025 19:53:27 CEST
Ningún ficheiro CSV atopado nesta iteración
Verificando /home/jefe/linked/csv ás lun 09 jun 2025 19:53:28 CEST
Ningún ficheiro CSV atopado nesta iteración
Verificando /home/jefe/linked/csv ás lun 09 jun 2025 19:53:28 CEST
Ningún ficheiro CSV atopado nesta iteración
Verificando /home/jefe/linked/csv ás lun 09 jun 2025 19:53:29 CEST
Ningún ficheiro CSV atopado nesta iteración
Verificando /home/jefe/linked/csv ás lun 09 jun 2025 19:53:29 CEST
Ningún ficheiro CSV atopado nesta iteración
Verificando /home/jefe/linked/csv ás lun 09 jun 2025 19:53:30 CEST
Ningún ficheiro CSV atopado nesta iteración
Verificando /home/jefe/linked/csv ás lun 09 jun 2025 19:53:30 CEST
Ningún ficheiro CSV atopado nesta iteración
Verificando /home/jefe/linked/csv ás lun 09 jun 2025 19:53:31 CEST
Ningún ficheiro CSV atopado nesta iteración
Verificando /home/jefe/linked/csv ás lun 09 jun 2025 19:53:31 CEST
Ningún ficheiro CSV atopado nesta iteración
Verificando /home/jefe/linked/csv ás lun 09 jun 2025 19:53:32 CEST
Ningún ficheiro CSV atopado nesta iteración
Verificando /home/jefe/linked/csv ás lun 09 jun 2025 19:53:32 CEST
Ningún ficheiro CSV atopado nesta iteración
Verificando /home/jefe/linked/csv ás lun 09 jun 2025 19:53:33 CEST
Ningún ficheiro CSV atopado nesta iteración
Verificando /home/jefe/linked/csv ás lun 09 jun 2025 19:53:33 CEST
Ningún ficheiro CSV atopado nesta iteración
Verificando /home/jefe/linked/csv ás lun 09 jun 2025 19:53:34 CEST
Ningún ficheiro CSV atopado nesta iteración
Verificando /home/jefe/linked/csv ás lun 09 jun 2025 19:53:34 CEST
Ningún ficheiro CSV atopado nesta iteración
Verificando /home/jefe/linked/csv ás lun 09 jun 2025 19:53:35 CEST
Ningún ficheiro CSV atopado nesta iteración
Verificando /home/jefe/linked/csv ás lun 09 jun 2025 19:53:35 CEST
Ningún ficheiro CSV atopado nesta iteración
Verificando /home/jefe/linked/csv ás lun 09 jun 2025 19:53:36 CEST
Ningún ficheiro CSV atopado nesta iteración
Verificando /home/jefe/linked/csv ás lun 09 jun 2025 19:53:36 CEST
Ningún ficheiro CSV atopado nesta iteración
Verificando /home/jefe/linked/csv ás lun 09 jun 2025 19:53:37 CEST
Ningún ficheiro CSV atopado nesta iteración
Verificando /home/jefe/linked/csv ás lun 09 jun 2025 19:53:37 CEST
Ningún ficheiro CSV atopado nesta iteración
Verificando /home/jefe/linked/csv ás lun 09 jun 2025 19:53:38 CEST
Ningún ficheiro CSV atopado nesta iteración
Verificando /home/jefe/linked/csv ás lun 09 jun 2025 19:53:38 CEST
Ningún ficheiro CSV atopado nesta iteración
Verificando /home/jefe/linked/csv ás lun 09 jun 2025 19:53:39 CEST
Ningún ficheiro CSV atopado nesta iteración
Verificando /home/jefe/linked/csv ás lun 09 jun 2025 19:53:39 CEST
Ningún ficheiro CSV atopado nesta iteración
Verificando /home/jefe/linked/csv ás lun 09 jun 2025 19:53:40 CEST
Ningún ficheiro CSV atopado nesta iteración
Verificando /home/jefe/linked/csv ás lun 09 jun 2025 19:53:40 CEST
Ningún ficheiro CSV atopado nesta iteración
Verificando /home/jefe/linked/csv ás lun 09 jun 2025 19:53:41 CEST
Ningún ficheiro CSV atopado nesta iteración
Verificando /home/jefe/linked/csv ás lun 09 jun 2025 19:53:41 CEST
Ningún ficheiro CSV atopado nesta iteración
Verificando /home/jefe/linked/csv ás lun 09 jun 2025 19:53:42 CEST
Ningún ficheiro CSV atopado nesta iteración
Verificando /home/jefe/linked/csv ás lun 09 jun 2025 19:53:42 CEST
Ningún ficheiro CSV atopado nesta iteración
Verificando /home/jefe/linked/csv ás lun 09 jun 2025 19:53:43 CEST
Ningún ficheiro CSV atopado nesta iteración
Verificando /home/jefe/linked/csv ás lun 09 jun 2025 19:53:43 CEST
Ningún ficheiro CSV atopado nesta iteración
Verificando /home/jefe/linked/csv ás lun 09 jun 2025 19:53:44 CEST
Ningún ficheiro CSV atopado nesta iteración
Verificando /home/jefe/linked/csv ás lun 09 jun 2025 19:53:44 CEST
Ningún ficheiro CSV atopado nesta iteración
Verificando /home/jefe/linked/csv ás lun 09 jun 2025 19:53:45 CEST
Ningún ficheiro CSV atopado nesta iteración
Verificando /home/jefe/linked/csv ás lun 09 jun 2025 19:53:45 CEST
Ningún ficheiro CSV atopado nesta iteración
Verificando /home/jefe/linked/csv ás lun 09 jun 2025 19:53:46 CEST
Ningún ficheiro CSV atopado nesta iteración
Verificando /home/jefe/linked/csv ás lun 09 jun 2025 19:53:46 CEST
Ningún ficheiro CSV atopado nesta iteración
Verificando /home/jefe/linked/csv ás lun 09 jun 2025 19:53:47 CEST
Ningún ficheiro CSV atopado nesta iteración
Verificando /home/jefe/linked/csv ás lun 09 jun 2025 19:53:47 CEST
Ningún ficheiro CSV atopado nesta iteración
Verificando /home/jefe/linked/csv ás lun 09 jun 2025 19:53:48 CEST
Ningún ficheiro CSV atopado nesta iteración
Verificando /home/jefe/linked/csv ás lun 09 jun 2025 19:53:48 CEST
Ningún ficheiro CSV atopado nesta iteración
Verificando /home/jefe/linked/csv ás lun 09 jun 2025 19:53:49 CEST
Ningún ficheiro CSV atopado nesta iteración
Verificando /home/jefe/linked/csv ás lun 09 jun 2025 19:53:49 CEST
Ningún ficheiro CSV atopado nesta iteración
Verificando /home/jefe/linked/csv ás lun 09 jun 2025 19:53:50 CEST
Ningún ficheiro CSV atopado nesta iteración
Verificando /home/jefe/linked/csv ás lun 09 jun 2025 19:53:50 CEST
Ningún ficheiro CSV atopado nesta iteración
Verificando /home/jefe/linked/csv ás lun 09 jun 2025 19:53:51 CEST
Ningún ficheiro CSV atopado nesta iteración
Verificando /home/jefe/linked/csv ás lun 09 jun 2025 19:53:51 CEST
Ningún ficheiro CSV atopado nesta iteración
Verificando /home/jefe/linked/csv ás lun 09 jun 2025 19:53:52 CEST
Ningún ficheiro CSV atopado nesta iteración
Verificando /home/jefe/linked/csv ás lun 09 jun 2025 19:53:52 CEST
Ningún ficheiro CSV atopado nesta iteración
Verificando /home/jefe/linked/csv ás lun 09 jun 2025 19:53:53 CEST
Ningún ficheiro CSV atopado nesta iteración
Verificando /home/jefe/linked/csv ás lun 09 jun 2025 19:53:53 CEST
Ningún ficheiro CSV atopado nesta iteración
Verificando /home/jefe/linked/csv ás lun 09 jun 2025 19:53:54 CEST
Ningún ficheiro CSV atopado nesta iteración
Verificando /home/jefe/linked/csv ás lun 09 jun 2025 19:53:54 CEST
Ningún ficheiro CSV atopado nesta iteración
Verificando /home/jefe/linked/csv ás lun 09 jun 2025 19:53:55 CEST
Ningún ficheiro CSV atopado nesta iteración
Verificando /home/jefe/linked/csv ás lun 09 jun 2025 19:53:55 CEST
Ningún ficheiro CSV atopado nesta iteración
Verificando /home/jefe/linked/csv ás lun 09 jun 2025 19:53:56 CEST
Ningún ficheiro CSV atopado nesta iteración
Verificando /home/jefe/linked/csv ás lun 09 jun 2025 19:53:56 CEST
Ningún ficheiro CSV atopado nesta iteración
Verificando /home/jefe/linked/csv ás lun 09 jun 2025 19:53:57 CEST
Ningún ficheiro CSV atopado nesta iteración
Verificando /home/jefe/linked/csv ás lun 09 jun 2025 19:53:57 CEST
Ningún ficheiro CSV atopado nesta iteración
Verificando /home/jefe/linked/csv ás lun 09 jun 2025 19:53:58 CEST
Ningún ficheiro CSV atopado nesta iteración
Verificando /home/jefe/linked/csv ás lun 09 jun 2025 19:53:58 CEST
Ningún ficheiro CSV atopado nesta iteración
Verificando /home/jefe/linked/csv ás lun 09 jun 2025 19:53:59 CEST
Ningún ficheiro CSV atopado nesta iteración
Verificando /home/jefe/linked/csv ás lun 09 jun 2025 19:53:59 CEST
Ningún ficheiro CSV atopado nesta iteración
Verificando /home/jefe/linked/csv ás lun 09 jun 2025 19:54:00 CEST
Ningún ficheiro CSV atopado nesta iteración
Verificando /home/jefe/linked/csv ás lun 09 jun 2025 19:54:00 CEST
Ningún ficheiro CSV atopado nesta iteración
Verificando /home/jefe/linked/csv ás lun 09 jun 2025 19:54:01 CEST
Ningún ficheiro CSV atopado nesta iteración
Verificando /home/jefe/linked/csv ás lun 09 jun 2025 19:54:01 CEST
Ningún ficheiro CSV atopado nesta iteración
Verificando /home/jefe/linked/csv ás lun 09 jun 2025 19:54:02 CEST
Ningún ficheiro CSV atopado nesta iteración
Verificando /home/jefe/linked/csv ás lun 09 jun 2025 19:54:02 CEST
Ningún ficheiro CSV atopado nesta iteración
Verificando /home/jefe/linked/csv ás lun 09 jun 2025 19:54:03 CEST
Ningún ficheiro CSV atopado nesta iteración
Verificando /home/jefe/linked/csv ás lun 09 jun 2025 19:54:03 CEST
Ningún ficheiro CSV atopado nesta iteración
Verificando /home/jefe/linked/csv ás lun 09 jun 2025 19:54:04 CEST
Ningún ficheiro CSV atopado nesta iteración
Verificando /home/jefe/linked/csv ás lun 09 jun 2025 19:54:04 CEST
Ningún ficheiro CSV atopado nesta iteración
Verificando /home/jefe/linked/csv ás lun 09 jun 2025 19:54:05 CEST
Ningún ficheiro CSV atopado nesta iteración
Verificando /home/jefe/linked/csv ás lun 09 jun 2025 19:54:05 CEST
Ningún ficheiro CSV atopado nesta iteración
Verificando /home/jefe/linked/csv ás lun 09 jun 2025 19:54:06 CEST
Ningún ficheiro CSV atopado nesta iteración
Verificando /home/jefe/linked/csv ás lun 09 jun 2025 19:54:06 CEST
Ningún ficheiro CSV atopado nesta iteración
Verificando /home/jefe/linked/csv ás lun 09 jun 2025 19:54:07 CEST
Ningún ficheiro CSV atopado nesta iteración
Verificando /home/jefe/linked/csv ás lun 09 jun 2025 19:54:07 CEST
Ningún ficheiro CSV atopado nesta iteración
Verificando /home/jefe/linked/csv ás lun 09 jun 2025 19:54:08 CEST
Ningún ficheiro CSV atopado nesta iteración
Verificando /home/jefe/linked/csv ás lun 09 jun 2025 19:54:08 CEST
Ningún ficheiro CSV atopado nesta iteración
Verificando /home/jefe/linked/csv ás lun 09 jun 2025 19:54:09 CEST
Ningún ficheiro CSV atopado nesta iteración
Verificando /home/jefe/linked/csv ás lun 09 jun 2025 19:54:09 CEST
Ningún ficheiro CSV atopado nesta iteración
Verificando /home/jefe/linked/csv ás lun 09 jun 2025 19:54:10 CEST
Ningún ficheiro CSV atopado nesta iteración
Verificando /home/jefe/linked/csv ás lun 09 jun 2025 19:54:10 CEST
Ningún ficheiro CSV atopado nesta iteración
Verificando /home/jefe/linked/csv ás lun 09 jun 2025 19:54:11 CEST
Ningún ficheiro CSV atopado nesta iteración
Verificando /home/jefe/linked/csv ás lun 09 jun 2025 19:54:11 CEST
Ningún ficheiro CSV atopado nesta iteración
Verificando /home/jefe/linked/csv ás lun 09 jun 2025 19:54:12 CEST
Ningún ficheiro CSV atopado nesta iteración
Verificando /home/jefe/linked/csv ás lun 09 jun 2025 19:54:12 CEST
Ningún ficheiro CSV atopado nesta iteración
Verificando /home/jefe/linked/csv ás lun 09 jun 2025 19:54:13 CEST
Ningún ficheiro CSV atopado nesta iteración
Verificando /home/jefe/linked/csv ás lun 09 jun 2025 19:54:13 CEST
Ningún ficheiro CSV atopado nesta iteración
Verificando /home/jefe/linked/csv ás lun 09 jun 2025 19:54:14 CEST
Ningún ficheiro CSV atopado nesta iteración
Verificando /home/jefe/linked/csv ás lun 09 jun 2025 19:54:14 CEST
Ningún ficheiro CSV atopado nesta iteración
Verificando /home/jefe/linked/csv ás lun 09 jun 2025 19:54:15 CEST
Ningún ficheiro CSV atopado nesta iteración
Verificando /home/jefe/linked/csv ás lun 09 jun 2025 19:54:15 CEST
Ningún ficheiro CSV atopado nesta iteración
Verificando /home/jefe/linked/csv ás lun 09 jun 2025 19:54:16 CEST
Ningún ficheiro CSV atopado nesta iteración
Verificando /home/jefe/linked/csv ás lun 09 jun 2025 19:54:16 CEST
Ningún ficheiro CSV atopado nesta iteración
Verificando /home/jefe/linked/csv ás lun 09 jun 2025 19:54:17 CEST
Ningún ficheiro CSV atopado nesta iteración
Verificando /home/jefe/linked/csv ás lun 09 jun 2025 19:54:17 CEST
Ningún ficheiro CSV atopado nesta iteración
Verificando /home/jefe/linked/csv ás lun 09 jun 2025 19:54:18 CEST
Ningún ficheiro CSV atopado nesta iteración
Verificando /home/jefe/linked/csv ás lun 09 jun 2025 19:54:18 CEST
Ningún ficheiro CSV atopado nesta iteración
Verificando /home/jefe/linked/csv ás lun 09 jun 2025 19:54:19 CEST
Ningún ficheiro CSV atopado nesta iteración
Verificando /home/jefe/linked/csv ás lun 09 jun 2025 19:54:19 CEST
Ningún ficheiro CSV atopado nesta iteración
Verificando /home/jefe/linked/csv ás lun 09 jun 2025 19:54:20 CEST
Ningún ficheiro CSV atopado nesta iteración
Verificando /home/jefe/linked/csv ás lun 09 jun 2025 19:54:20 CEST
Ningún ficheiro CSV atopado nesta iteración
Verificando /home/jefe/linked/csv ás lun 09 jun 2025 19:54:21 CEST
Ningún ficheiro CSV atopado nesta iteración
Verificando /home/jefe/linked/csv ás lun 09 jun 2025 19:54:21 CEST
Ningún ficheiro CSV atopado nesta iteración
Verificando /home/jefe/linked/csv ás lun 09 jun 2025 19:54:22 CEST
Ningún ficheiro CSV atopado nesta iteración
Verificando /home/jefe/linked/csv ás lun 09 jun 2025 19:54:22 CEST
Ningún ficheiro CSV atopado nesta iteración
Verificando /home/jefe/linked/csv ás lun 09 jun 2025 19:54:23 CEST
Ningún ficheiro CSV atopado nesta iteración
Verificando /home/jefe/linked/csv ás lun 09 jun 2025 19:54:23 CEST
Ningún ficheiro CSV atopado nesta iteración
Verificando /home/jefe/linked/csv ás lun 09 jun 2025 19:54:24 CEST
Ningún ficheiro CSV atopado nesta iteración
Verificando /home/jefe/linked/csv ás lun 09 jun 2025 19:54:24 CEST
Ningún ficheiro CSV atopado nesta iteración
Verificando /home/jefe/linked/csv ás lun 09 jun 2025 19:54:25 CEST
Ningún ficheiro CSV atopado nesta iteración
Verificando /home/jefe/linked/csv ás lun 09 jun 2025 19:54:25 CEST
Ningún ficheiro CSV atopado nesta iteración
Verificando /home/jefe/linked/csv ás lun 09 jun 2025 19:54:26 CEST
Ningún ficheiro CSV atopado nesta iteración
Verificando /home/jefe/linked/csv ás lun 09 jun 2025 19:54:26 CEST
Ningún ficheiro CSV atopado nesta iteración
Verificando /home/jefe/linked/csv ás lun 09 jun 2025 19:54:27 CEST
Ningún ficheiro CSV atopado nesta iteración
Verificando /home/jefe/linked/csv ás lun 09 jun 2025 19:54:27 CEST
Ningún ficheiro CSV atopado nesta iteración
Verificando /home/jefe/linked/csv ás lun 09 jun 2025 19:54:28 CEST
Ningún ficheiro CSV atopado nesta iteración
Verificando /home/jefe/linked/csv ás lun 09 jun 2025 19:54:28 CEST
Ningún ficheiro CSV atopado nesta iteración
Verificando /home/jefe/linked/csv ás lun 09 jun 2025 19:54:29 CEST
Ningún ficheiro CSV atopado nesta iteración
Verificando /home/jefe/linked/csv ás lun 09 jun 2025 19:54:29 CEST
Ningún ficheiro CSV atopado nesta iteración
Verificando /home/jefe/linked/csv ás lun 09 jun 2025 19:54:30 CEST
Ningún ficheiro CSV atopado nesta iteración
Verificando /home/jefe/linked/csv ás lun 09 jun 2025 19:54:30 CEST
Ningún ficheiro CSV atopado nesta iteración
Verificando /home/jefe/linked/csv ás lun 09 jun 2025 19:54:31 CEST
Ningún ficheiro CSV atopado nesta iteración
Verificando /home/jefe/linked/csv ás lun 09 jun 2025 19:54:31 CEST
Ningún ficheiro CSV atopado nesta iteración
Verificando /home/jefe/linked/csv ás lun 09 jun 2025 19:54:32 CEST
Ningún ficheiro CSV atopado nesta iteración
Verificando /home/jefe/linked/csv ás lun 09 jun 2025 19:54:32 CEST
Ningún ficheiro CSV atopado nesta iteración
Verificando /home/jefe/linked/csv ás lun 09 jun 2025 19:54:33 CEST
Ningún ficheiro CSV atopado nesta iteración
Verificando /home/jefe/linked/csv ás lun 09 jun 2025 19:54:33 CEST
Ningún ficheiro CSV atopado nesta iteración
Verificando /home/jefe/linked/csv ás lun 09 jun 2025 19:54:34 CEST
Ningún ficheiro CSV atopado nesta iteración
Verificando /home/jefe/linked/csv ás lun 09 jun 2025 19:54:34 CEST
Ningún ficheiro CSV atopado nesta iteración
Verificando /home/jefe/linked/csv ás lun 09 jun 2025 19:54:35 CEST
Ningún ficheiro CSV atopado nesta iteración
Verificando /home/jefe/linked/csv ás lun 09 jun 2025 19:54:35 CEST
Ningún ficheiro CSV atopado nesta iteración
Verificando /home/jefe/linked/csv ás lun 09 jun 2025 19:54:36 CEST
Ningún ficheiro CSV atopado nesta iteración
Verificando /home/jefe/linked/csv ás lun 09 jun 2025 19:54:36 CEST
Ningún ficheiro CSV atopado nesta iteración
Verificando /home/jefe/linked/csv ás lun 09 jun 2025 19:54:37 CEST
Ningún ficheiro CSV atopado nesta iteración
Verificando /home/jefe/linked/csv ás lun 09 jun 2025 19:54:37 CEST
Ningún ficheiro CSV atopado nesta iteración
Verificando /home/jefe/linked/csv ás lun 09 jun 2025 19:54:38 CEST
Ningún ficheiro CSV atopado nesta iteración
Verificando /home/jefe/linked/csv ás lun 09 jun 2025 19:54:38 CEST
Ningún ficheiro CSV atopado nesta iteración
Verificando /home/jefe/linked/csv ás lun 09 jun 2025 19:54:39 CEST
Ningún ficheiro CSV atopado nesta iteración
Verificando /home/jefe/linked/csv ás lun 09 jun 2025 19:54:39 CEST
Ningún ficheiro CSV atopado nesta iteración
Verificando /home/jefe/linked/csv ás lun 09 jun 2025 19:54:40 CEST
Ningún ficheiro CSV atopado nesta iteración
Verificando /home/jefe/linked/csv ás lun 09 jun 2025 19:54:40 CEST
Ningún ficheiro CSV atopado nesta iteración
Verificando /home/jefe/linked/csv ás lun 09 jun 2025 19:54:41 CEST
Ningún ficheiro CSV atopado nesta iteración
Verificando /home/jefe/linked/csv ás lun 09 jun 2025 19:54:41 CEST
Ningún ficheiro CSV atopado nesta iteración
Verificando /home/jefe/linked/csv ás lun 09 jun 2025 19:54:42 CEST
Ningún ficheiro CSV atopado nesta iteración
Verificando /home/jefe/linked/csv ás lun 09 jun 2025 19:54:42 CEST
Ningún ficheiro CSV atopado nesta iteración
Verificando /home/jefe/linked/csv ás lun 09 jun 2025 19:54:43 CEST
Ningún ficheiro CSV atopado nesta iteración
Verificando /home/jefe/linked/csv ás lun 09 jun 2025 19:54:43 CEST
Ningún ficheiro CSV atopado nesta iteración
Verificando /home/jefe/linked/csv ás lun 09 jun 2025 19:54:44 CEST
Ningún ficheiro CSV atopado nesta iteración
Verificando /home/jefe/linked/csv ás lun 09 jun 2025 19:54:44 CEST
Ningún ficheiro CSV atopado nesta iteración
Verificando /home/jefe/linked/csv ás lun 09 jun 2025 19:54:45 CEST
Ningún ficheiro CSV atopado nesta iteración
Verificando /home/jefe/linked/csv ás lun 09 jun 2025 19:54:45 CEST
Ningún ficheiro CSV atopado nesta iteración
Verificando /home/jefe/linked/csv ás lun 09 jun 2025 19:54:46 CEST
Ningún ficheiro CSV atopado nesta iteración
Verificando /home/jefe/linked/csv ás lun 09 jun 2025 19:54:46 CEST
Ningún ficheiro CSV atopado nesta iteración
Verificando /home/jefe/linked/csv ás lun 09 jun 2025 19:54:47 CEST
Ningún ficheiro CSV atopado nesta iteración
Verificando /home/jefe/linked/csv ás lun 09 jun 2025 19:54:47 CEST
Ningún ficheiro CSV atopado nesta iteración
Verificando /home/jefe/linked/csv ás lun 09 jun 2025 19:54:48 CEST
Ningún ficheiro CSV atopado nesta iteración
Verificando /home/jefe/linked/csv ás lun 09 jun 2025 19:54:48 CEST
Ningún ficheiro CSV atopado nesta iteración
Verificando /home/jefe/linked/csv ás lun 09 jun 2025 19:54:49 CEST
Ningún ficheiro CSV atopado nesta iteración
Verificando /home/jefe/linked/csv ás lun 09 jun 2025 19:54:49 CEST
Ningún ficheiro CSV atopado nesta iteración
Verificando /home/jefe/linked/csv ás lun 09 jun 2025 19:54:50 CEST
Ningún ficheiro CSV atopado nesta iteración
Verificando /home/jefe/linked/csv ás lun 09 jun 2025 19:54:50 CEST
Ningún ficheiro CSV atopado nesta iteración
Verificando /home/jefe/linked/csv ás lun 09 jun 2025 19:54:51 CEST
Ningún ficheiro CSV atopado nesta iteración
Verificando /home/jefe/linked/csv ás lun 09 jun 2025 19:54:51 CEST
Ningún ficheiro CSV atopado nesta iteración
Verificando /home/jefe/linked/csv ás lun 09 jun 2025 19:54:52 CEST
Ningún ficheiro CSV atopado nesta iteración
Verificando /home/jefe/linked/csv ás lun 09 jun 2025 19:54:52 CEST
Ningún ficheiro CSV atopado nesta iteración
Verificando /home/jefe/linked/csv ás lun 09 jun 2025 19:54:53 CEST
Ningún ficheiro CSV atopado nesta iteración
Verificando /home/jefe/linked/csv ás lun 09 jun 2025 19:54:53 CEST
Ningún ficheiro CSV atopado nesta iteración
Verificando /home/jefe/linked/csv ás lun 09 jun 2025 19:54:54 CEST
Ningún ficheiro CSV atopado nesta iteración
Verificando /home/jefe/linked/csv ás lun 09 jun 2025 19:54:54 CEST
Ningún ficheiro CSV atopado nesta iteración
Verificando /home/jefe/linked/csv ás lun 09 jun 2025 19:54:55 CEST
Ningún ficheiro CSV atopado nesta iteración
Verificando /home/jefe/linked/csv ás lun 09 jun 2025 19:54:55 CEST
Ningún ficheiro CSV atopado nesta iteración
Verificando /home/jefe/linked/csv ás lun 09 jun 2025 19:54:56 CEST
Ningún ficheiro CSV atopado nesta iteración
Verificando /home/jefe/linked/csv ás lun 09 jun 2025 19:54:56 CEST
Ningún ficheiro CSV atopado nesta iteración
Verificando /home/jefe/linked/csv ás lun 09 jun 2025 19:54:57 CEST
Ningún ficheiro CSV atopado nesta iteración
Verificando /home/jefe/linked/csv ás lun 09 jun 2025 19:54:57 CEST
Ningún ficheiro CSV atopado nesta iteración
Verificando /home/jefe/linked/csv ás lun 09 jun 2025 19:54:58 CEST
Ningún ficheiro CSV atopado nesta iteración
Verificando /home/jefe/linked/csv ás lun 09 jun 2025 19:54:58 CEST
Ningún ficheiro CSV atopado nesta iteración
Verificando /home/jefe/linked/csv ás lun 09 jun 2025 19:54:59 CEST
Ningún ficheiro CSV atopado nesta iteración
Verificando /home/jefe/linked/csv ás lun 09 jun 2025 19:54:59 CEST
Ningún ficheiro CSV atopado nesta iteración
Verificando /home/jefe/linked/csv ás lun 09 jun 2025 19:55:00 CEST
Ningún ficheiro CSV atopado nesta iteración
Verificando /home/jefe/linked/csv ás lun 09 jun 2025 19:55:00 CEST
Ningún ficheiro CSV atopado nesta iteración
Verificando /home/jefe/linked/csv ás lun 09 jun 2025 19:55:01 CEST
Ningún ficheiro CSV atopado nesta iteración
Verificando /home/jefe/linked/csv ás lun 09 jun 2025 19:55:01 CEST
Ningún ficheiro CSV atopado nesta iteración
Verificando /home/jefe/linked/csv ás lun 09 jun 2025 19:55:02 CEST
Ningún ficheiro CSV atopado nesta iteración
Verificando /home/jefe/linked/csv ás lun 09 jun 2025 19:55:02 CEST
Ningún ficheiro CSV atopado nesta iteración
Verificando /home/jefe/linked/csv ás lun 09 jun 2025 19:55:03 CEST
Ningún ficheiro CSV atopado nesta iteración
Verificando /home/jefe/linked/csv ás lun 09 jun 2025 19:55:03 CEST
Ningún ficheiro CSV atopado nesta iteración
Verificando /home/jefe/linked/csv ás lun 09 jun 2025 19:55:04 CEST
Ningún ficheiro CSV atopado nesta iteración
Verificando /home/jefe/linked/csv ás lun 09 jun 2025 19:55:04 CEST
Ningún ficheiro CSV atopado nesta iteración
Verificando /home/jefe/linked/csv ás lun 09 jun 2025 19:55:05 CEST
Ningún ficheiro CSV atopado nesta iteración
Verificando /home/jefe/linked/csv ás lun 09 jun 2025 19:55:05 CEST
Ningún ficheiro CSV atopado nesta iteración
Verificando /home/jefe/linked/csv ás lun 09 jun 2025 19:55:06 CEST
Ningún ficheiro CSV atopado nesta iteración
Verificando /home/jefe/linked/csv ás lun 09 jun 2025 19:55:06 CEST
Ningún ficheiro CSV atopado nesta iteración
Verificando /home/jefe/linked/csv ás lun 09 jun 2025 19:55:07 CEST
Ningún ficheiro CSV atopado nesta iteración
Verificando /home/jefe/linked/csv ás lun 09 jun 2025 19:55:07 CEST
Ningún ficheiro CSV atopado nesta iteración
Verificando /home/jefe/linked/csv ás lun 09 jun 2025 19:55:08 CEST
Ningún ficheiro CSV atopado nesta iteración
Verificando /home/jefe/linked/csv ás lun 09 jun 2025 19:55:08 CEST
Ningún ficheiro CSV atopado nesta iteración
Verificando /home/jefe/linked/csv ás lun 09 jun 2025 19:55:09 CEST
Ningún ficheiro CSV atopado nesta iteración
Verificando /home/jefe/linked/csv ás lun 09 jun 2025 19:55:09 CEST
Ningún ficheiro CSV atopado nesta iteración
Verificando /home/jefe/linked/csv ás lun 09 jun 2025 19:55:10 CEST
Ningún ficheiro CSV atopado nesta iteración
Verificando /home/jefe/linked/csv ás lun 09 jun 2025 19:55:10 CEST
Ningún ficheiro CSV atopado nesta iteración
Verificando /home/jefe/linked/csv ás lun 09 jun 2025 19:55:11 CEST
Ningún ficheiro CSV atopado nesta iteración
Verificando /home/jefe/linked/csv ás lun 09 jun 2025 19:55:11 CEST
Ningún ficheiro CSV atopado nesta iteración
Verificando /home/jefe/linked/csv ás lun 09 jun 2025 19:55:12 CEST
Ningún ficheiro CSV atopado nesta iteración
Verificando /home/jefe/linked/csv ás lun 09 jun 2025 19:55:12 CEST
Ningún ficheiro CSV atopado nesta iteración
Verificando /home/jefe/linked/csv ás lun 09 jun 2025 19:55:13 CEST
Ningún ficheiro CSV atopado nesta iteración
Verificando /home/jefe/linked/csv ás lun 09 jun 2025 19:55:13 CEST
Ningún ficheiro CSV atopado nesta iteración
Verificando /home/jefe/linked/csv ás lun 09 jun 2025 19:55:14 CEST
Ningún ficheiro CSV atopado nesta iteración
Verificando /home/jefe/linked/csv ás lun 09 jun 2025 19:55:14 CEST
Ningún ficheiro CSV atopado nesta iteración
Verificando /home/jefe/linked/csv ás lun 09 jun 2025 19:55:15 CEST
Ningún ficheiro CSV atopado nesta iteración
Verificando /home/jefe/linked/csv ás lun 09 jun 2025 19:55:15 CEST
Ningún ficheiro CSV atopado nesta iteración
Verificando /home/jefe/linked/csv ás lun 09 jun 2025 19:55:16 CEST
Ningún ficheiro CSV atopado nesta iteración
Verificando /home/jefe/linked/csv ás lun 09 jun 2025 19:55:16 CEST
Ningún ficheiro CSV atopado nesta iteración
Verificando /home/jefe/linked/csv ás lun 09 jun 2025 19:55:17 CEST
Ningún ficheiro CSV atopado nesta iteración
Verificando /home/jefe/linked/csv ás lun 09 jun 2025 19:55:17 CEST
Ningún ficheiro CSV atopado nesta iteración
Verificando /home/jefe/linked/csv ás lun 09 jun 2025 19:55:18 CEST
Ningún ficheiro CSV atopado nesta iteración
Verificando /home/jefe/linked/csv ás lun 09 jun 2025 19:55:18 CEST
Ningún ficheiro CSV atopado nesta iteración
Verificando /home/jefe/linked/csv ás lun 09 jun 2025 19:55:19 CEST
Ningún ficheiro CSV atopado nesta iteración
Verificando /home/jefe/linked/csv ás lun 09 jun 2025 19:55:19 CEST
Ningún ficheiro CSV atopado nesta iteración
Verificando /home/jefe/linked/csv ás lun 09 jun 2025 19:55:20 CEST
Ningún ficheiro CSV atopado nesta iteración
Verificando /home/jefe/linked/csv ás lun 09 jun 2025 19:55:20 CEST
Ningún ficheiro CSV atopado nesta iteración
Verificando /home/jefe/linked/csv ás lun 09 jun 2025 19:55:21 CEST
Ningún ficheiro CSV atopado nesta iteración
Verificando /home/jefe/linked/csv ás lun 09 jun 2025 19:55:21 CEST
Ningún ficheiro CSV atopado nesta iteración
Verificando /home/jefe/linked/csv ás lun 09 jun 2025 19:55:22 CEST
Ningún ficheiro CSV atopado nesta iteración
Verificando /home/jefe/linked/csv ás lun 09 jun 2025 19:55:22 CEST
Ningún ficheiro CSV atopado nesta iteración
Verificando /home/jefe/linked/csv ás lun 09 jun 2025 19:55:23 CEST
Ningún ficheiro CSV atopado nesta iteración
Verificando /home/jefe/linked/csv ás lun 09 jun 2025 19:55:23 CEST
Ningún ficheiro CSV atopado nesta iteración
Verificando /home/jefe/linked/csv ás lun 09 jun 2025 19:55:24 CEST
Ningún ficheiro CSV atopado nesta iteración
Verificando /home/jefe/linked/csv ás lun 09 jun 2025 19:55:24 CEST
Ningún ficheiro CSV atopado nesta iteración
Verificando /home/jefe/linked/csv ás lun 09 jun 2025 19:55:25 CEST
Ningún ficheiro CSV atopado nesta iteración
Verificando /home/jefe/linked/csv ás lun 09 jun 2025 19:55:25 CEST
Ningún ficheiro CSV atopado nesta iteración
Verificando /home/jefe/linked/csv ás lun 09 jun 2025 19:55:26 CEST
Ningún ficheiro CSV atopado nesta iteración
Verificando /home/jefe/linked/csv ás lun 09 jun 2025 19:55:26 CEST
Ningún ficheiro CSV atopado nesta iteración
Verificando /home/jefe/linked/csv ás lun 09 jun 2025 19:55:27 CEST
Ningún ficheiro CSV atopado nesta iteración
Verificando /home/jefe/linked/csv ás lun 09 jun 2025 19:55:27 CEST
Ningún ficheiro CSV atopado nesta iteración
Verificando /home/jefe/linked/csv ás lun 09 jun 2025 19:55:28 CEST
Ningún ficheiro CSV atopado nesta iteración
Verificando /home/jefe/linked/csv ás lun 09 jun 2025 19:55:28 CEST
Ningún ficheiro CSV atopado nesta iteración
Verificando /home/jefe/linked/csv ás lun 09 jun 2025 19:55:29 CEST
Ningún ficheiro CSV atopado nesta iteración
Verificando /home/jefe/linked/csv ás lun 09 jun 2025 19:55:29 CEST
Ningún ficheiro CSV atopado nesta iteración
Verificando /home/jefe/linked/csv ás lun 09 jun 2025 19:55:30 CEST
Ningún ficheiro CSV atopado nesta iteración
Verificando /home/jefe/linked/csv ás lun 09 jun 2025 19:55:30 CEST
Ningún ficheiro CSV atopado nesta iteración
Verificando /home/jefe/linked/csv ás lun 09 jun 2025 19:55:31 CEST
Ningún ficheiro CSV atopado nesta iteración
Verificando /home/jefe/linked/csv ás lun 09 jun 2025 19:55:31 CEST
Ningún ficheiro CSV atopado nesta iteración
Verificando /home/jefe/linked/csv ás lun 09 jun 2025 19:55:32 CEST
Ningún ficheiro CSV atopado nesta iteración
Verificando /home/jefe/linked/csv ás lun 09 jun 2025 19:55:32 CEST
Ningún ficheiro CSV atopado nesta iteración
Verificando /home/jefe/linked/csv ás lun 09 jun 2025 19:55:33 CEST
Ningún ficheiro CSV atopado nesta iteración
Verificando /home/jefe/linked/csv ás lun 09 jun 2025 19:55:33 CEST
Ningún ficheiro CSV atopado nesta iteración
Verificando /home/jefe/linked/csv ás lun 09 jun 2025 19:55:34 CEST
Ningún ficheiro CSV atopado nesta iteración
Verificando /home/jefe/linked/csv ás lun 09 jun 2025 19:55:34 CEST
Ningún ficheiro CSV atopado nesta iteración
Verificando /home/jefe/linked/csv ás lun 09 jun 2025 19:55:35 CEST
Ningún ficheiro CSV atopado nesta iteración
Verificando /home/jefe/linked/csv ás lun 09 jun 2025 19:55:35 CEST
Ningún ficheiro CSV atopado nesta iteración
Verificando /home/jefe/linked/csv ás lun 09 jun 2025 19:55:36 CEST
Ningún ficheiro CSV atopado nesta iteración
Verificando /home/jefe/linked/csv ás lun 09 jun 2025 19:55:36 CEST
Ningún ficheiro CSV atopado nesta iteración
Verificando /home/jefe/linked/csv ás lun 09 jun 2025 19:55:37 CEST
Ningún ficheiro CSV atopado nesta iteración
Verificando /home/jefe/linked/csv ás lun 09 jun 2025 19:55:37 CEST
Ningún ficheiro CSV atopado nesta iteración
Verificando /home/jefe/linked/csv ás lun 09 jun 2025 19:55:38 CEST
Ningún ficheiro CSV atopado nesta iteración
Verificando /home/jefe/linked/csv ás lun 09 jun 2025 19:55:38 CEST
Ningún ficheiro CSV atopado nesta iteración
Verificando /home/jefe/linked/csv ás lun 09 jun 2025 19:55:39 CEST
Ningún ficheiro CSV atopado nesta iteración
Verificando /home/jefe/linked/csv ás lun 09 jun 2025 19:55:39 CEST
Ningún ficheiro CSV atopado nesta iteración
Verificando /home/jefe/linked/csv ás lun 09 jun 2025 19:55:40 CEST
Ningún ficheiro CSV atopado nesta iteración
Verificando /home/jefe/linked/csv ás lun 09 jun 2025 19:55:40 CEST
Ningún ficheiro CSV atopado nesta iteración
Verificando /home/jefe/linked/csv ás lun 09 jun 2025 19:55:41 CEST
Ningún ficheiro CSV atopado nesta iteración
Verificando /home/jefe/linked/csv ás lun 09 jun 2025 19:55:41 CEST
Ningún ficheiro CSV atopado nesta iteración
Verificando /home/jefe/linked/csv ás lun 09 jun 2025 19:55:42 CEST
Ningún ficheiro CSV atopado nesta iteración
Verificando /home/jefe/linked/csv ás lun 09 jun 2025 19:55:42 CEST
Ningún ficheiro CSV atopado nesta iteración
Verificando /home/jefe/linked/csv ás lun 09 jun 2025 19:55:43 CEST
Ningún ficheiro CSV atopado nesta iteración
Verificando /home/jefe/linked/csv ás lun 09 jun 2025 19:55:43 CEST
Ningún ficheiro CSV atopado nesta iteración
Verificando /home/jefe/linked/csv ás lun 09 jun 2025 19:55:44 CEST
Ningún ficheiro CSV atopado nesta iteración
Verificando /home/jefe/linked/csv ás lun 09 jun 2025 19:55:44 CEST
Ningún ficheiro CSV atopado nesta iteración
Verificando /home/jefe/linked/csv ás lun 09 jun 2025 19:55:45 CEST
Ningún ficheiro CSV atopado nesta iteración
Verificando /home/jefe/linked/csv ás lun 09 jun 2025 19:55:45 CEST
Ningún ficheiro CSV atopado nesta iteración
Verificando /home/jefe/linked/csv ás lun 09 jun 2025 19:55:46 CEST
Ningún ficheiro CSV atopado nesta iteración
Verificando /home/jefe/linked/csv ás lun 09 jun 2025 19:55:46 CEST
Ningún ficheiro CSV atopado nesta iteración
Verificando /home/jefe/linked/csv ás lun 09 jun 2025 19:55:47 CEST
Ningún ficheiro CSV atopado nesta iteración
Verificando /home/jefe/linked/csv ás lun 09 jun 2025 19:55:47 CEST
Ningún ficheiro CSV atopado nesta iteración
Verificando /home/jefe/linked/csv ás lun 09 jun 2025 19:55:48 CEST
Ningún ficheiro CSV atopado nesta iteración
Verificando /home/jefe/linked/csv ás lun 09 jun 2025 19:55:48 CEST
Ningún ficheiro CSV atopado nesta iteración
Verificando /home/jefe/linked/csv ás lun 09 jun 2025 19:55:49 CEST
Ningún ficheiro CSV atopado nesta iteración
Verificando /home/jefe/linked/csv ás lun 09 jun 2025 19:55:49 CEST
Ningún ficheiro CSV atopado nesta iteración
Verificando /home/jefe/linked/csv ás lun 09 jun 2025 19:55:50 CEST
Ningún ficheiro CSV atopado nesta iteración
Verificando /home/jefe/linked/csv ás lun 09 jun 2025 19:55:50 CEST
Ningún ficheiro CSV atopado nesta iteración
Verificando /home/jefe/linked/csv ás lun 09 jun 2025 19:55:51 CEST
Ningún ficheiro CSV atopado nesta iteración
Verificando /home/jefe/linked/csv ás lun 09 jun 2025 19:55:51 CEST
Ningún ficheiro CSV atopado nesta iteración
Verificando /home/jefe/linked/csv ás lun 09 jun 2025 19:55:52 CEST
Ningún ficheiro CSV atopado nesta iteración
Verificando /home/jefe/linked/csv ás lun 09 jun 2025 19:55:52 CEST
Ningún ficheiro CSV atopado nesta iteración
Verificando /home/jefe/linked/csv ás lun 09 jun 2025 19:55:53 CEST
Ningún ficheiro CSV atopado nesta iteración
Verificando /home/jefe/linked/csv ás lun 09 jun 2025 19:55:53 CEST
Ningún ficheiro CSV atopado nesta iteración
Verificando /home/jefe/linked/csv ás lun 09 jun 2025 19:55:54 CEST
Ningún ficheiro CSV atopado nesta iteración
Verificando /home/jefe/linked/csv ás lun 09 jun 2025 19:55:54 CEST
Ningún ficheiro CSV atopado nesta iteración
Verificando /home/jefe/linked/csv ás lun 09 jun 2025 19:55:55 CEST
Ningún ficheiro CSV atopado nesta iteración
Verificando /home/jefe/linked/csv ás lun 09 jun 2025 19:55:55 CEST
Ningún ficheiro CSV atopado nesta iteración
Verificando /home/jefe/linked/csv ás lun 09 jun 2025 19:55:56 CEST
Ningún ficheiro CSV atopado nesta iteración
Verificando /home/jefe/linked/csv ás lun 09 jun 2025 19:55:56 CEST
Ningún ficheiro CSV atopado nesta iteración
Verificando /home/jefe/linked/csv ás lun 09 jun 2025 19:55:57 CEST
Ningún ficheiro CSV atopado nesta iteración
Verificando /home/jefe/linked/csv ás lun 09 jun 2025 19:55:57 CEST
Ningún ficheiro CSV atopado nesta iteración
Verificando /home/jefe/linked/csv ás lun 09 jun 2025 19:55:58 CEST
Ningún ficheiro CSV atopado nesta iteración
Verificando /home/jefe/linked/csv ás lun 09 jun 2025 19:55:58 CEST
Ningún ficheiro CSV atopado nesta iteración
Verificando /home/jefe/linked/csv ás lun 09 jun 2025 19:55:59 CEST
Ningún ficheiro CSV atopado nesta iteración
Verificando /home/jefe/linked/csv ás lun 09 jun 2025 19:55:59 CEST
Ningún ficheiro CSV atopado nesta iteración
Verificando /home/jefe/linked/csv ás lun 09 jun 2025 19:56:00 CEST
Ningún ficheiro CSV atopado nesta iteración
Verificando /home/jefe/linked/csv ás lun 09 jun 2025 19:56:00 CEST
Ningún ficheiro CSV atopado nesta iteración
Verificando /home/jefe/linked/csv ás lun 09 jun 2025 19:56:01 CEST
Ningún ficheiro CSV atopado nesta iteración
Verificando /home/jefe/linked/csv ás lun 09 jun 2025 19:56:01 CEST
Ningún ficheiro CSV atopado nesta iteración
Verificando /home/jefe/linked/csv ás lun 09 jun 2025 19:56:02 CEST
Ningún ficheiro CSV atopado nesta iteración
Verificando /home/jefe/linked/csv ás lun 09 jun 2025 19:56:02 CEST
Ningún ficheiro CSV atopado nesta iteración
Verificando /home/jefe/linked/csv ás lun 09 jun 2025 19:56:03 CEST
Ningún ficheiro CSV atopado nesta iteración
Verificando /home/jefe/linked/csv ás lun 09 jun 2025 19:56:03 CEST
Ningún ficheiro CSV atopado nesta iteración
Verificando /home/jefe/linked/csv ás lun 09 jun 2025 19:56:04 CEST
Ningún ficheiro CSV atopado nesta iteración
Verificando /home/jefe/linked/csv ás lun 09 jun 2025 19:56:04 CEST
Ningún ficheiro CSV atopado nesta iteración
Verificando /home/jefe/linked/csv ás lun 09 jun 2025 19:56:05 CEST
Ningún ficheiro CSV atopado nesta iteración
Verificando /home/jefe/linked/csv ás lun 09 jun 2025 19:56:05 CEST
Ningún ficheiro CSV atopado nesta iteración
Verificando /home/jefe/linked/csv ás lun 09 jun 2025 19:56:06 CEST
Ningún ficheiro CSV atopado nesta iteración
Verificando /home/jefe/linked/csv ás lun 09 jun 2025 19:56:06 CEST
Ningún ficheiro CSV atopado nesta iteración
Verificando /home/jefe/linked/csv ás lun 09 jun 2025 19:56:07 CEST
Ningún ficheiro CSV atopado nesta iteración
Verificando /home/jefe/linked/csv ás lun 09 jun 2025 19:56:07 CEST
Ningún ficheiro CSV atopado nesta iteración
Verificando /home/jefe/linked/csv ás lun 09 jun 2025 19:56:08 CEST
Ningún ficheiro CSV atopado nesta iteración
Verificando /home/jefe/linked/csv ás lun 09 jun 2025 19:56:08 CEST
Ningún ficheiro CSV atopado nesta iteración
Verificando /home/jefe/linked/csv ás lun 09 jun 2025 19:56:09 CEST
Ningún ficheiro CSV atopado nesta iteración
Verificando /home/jefe/linked/csv ás lun 09 jun 2025 19:56:09 CEST
Ningún ficheiro CSV atopado nesta iteración
Verificando /home/jefe/linked/csv ás lun 09 jun 2025 19:56:10 CEST
Ningún ficheiro CSV atopado nesta iteración
Verificando /home/jefe/linked/csv ás lun 09 jun 2025 19:56:10 CEST
Ningún ficheiro CSV atopado nesta iteración
Verificando /home/jefe/linked/csv ás lun 09 jun 2025 19:56:11 CEST
Ningún ficheiro CSV atopado nesta iteración
Verificando /home/jefe/linked/csv ás lun 09 jun 2025 19:56:11 CEST
Ningún ficheiro CSV atopado nesta iteración
Verificando /home/jefe/linked/csv ás lun 09 jun 2025 19:56:12 CEST
Ningún ficheiro CSV atopado nesta iteración
Verificando /home/jefe/linked/csv ás lun 09 jun 2025 19:56:12 CEST
Ningún ficheiro CSV atopado nesta iteración
Verificando /home/jefe/linked/csv ás lun 09 jun 2025 19:56:13 CEST
Ningún ficheiro CSV atopado nesta iteración
Verificando /home/jefe/linked/csv ás lun 09 jun 2025 19:56:13 CEST
Ningún ficheiro CSV atopado nesta iteración
Verificando /home/jefe/linked/csv ás lun 09 jun 2025 19:56:14 CEST
Ningún ficheiro CSV atopado nesta iteración
Verificando /home/jefe/linked/csv ás lun 09 jun 2025 19:56:14 CEST
Ningún ficheiro CSV atopado nesta iteración
Verificando /home/jefe/linked/csv ás lun 09 jun 2025 19:56:15 CEST
Ningún ficheiro CSV atopado nesta iteración
Verificando /home/jefe/linked/csv ás lun 09 jun 2025 19:56:15 CEST
Ningún ficheiro CSV atopado nesta iteración
Verificando /home/jefe/linked/csv ás lun 09 jun 2025 19:56:16 CEST
Ningún ficheiro CSV atopado nesta iteración
Verificando /home/jefe/linked/csv ás lun 09 jun 2025 19:56:16 CEST
Ningún ficheiro CSV atopado nesta iteración
Verificando /home/jefe/linked/csv ás lun 09 jun 2025 19:56:17 CEST
Ningún ficheiro CSV atopado nesta iteración
Verificando /home/jefe/linked/csv ás lun 09 jun 2025 19:56:17 CEST
Ningún ficheiro CSV atopado nesta iteración
Verificando /home/jefe/linked/csv ás lun 09 jun 2025 19:56:18 CEST
Ningún ficheiro CSV atopado nesta iteración
Verificando /home/jefe/linked/csv ás lun 09 jun 2025 19:56:18 CEST
Ningún ficheiro CSV atopado nesta iteración
Verificando /home/jefe/linked/csv ás lun 09 jun 2025 19:56:19 CEST
Ningún ficheiro CSV atopado nesta iteración
Verificando /home/jefe/linked/csv ás lun 09 jun 2025 19:56:19 CEST
Ningún ficheiro CSV atopado nesta iteración
Verificando /home/jefe/linked/csv ás lun 09 jun 2025 19:56:20 CEST
Ningún ficheiro CSV atopado nesta iteración
Verificando /home/jefe/linked/csv ás lun 09 jun 2025 19:56:20 CEST
Ningún ficheiro CSV atopado nesta iteración
Verificando /home/jefe/linked/csv ás lun 09 jun 2025 19:56:21 CEST
Ningún ficheiro CSV atopado nesta iteración
Verificando /home/jefe/linked/csv ás lun 09 jun 2025 19:56:21 CEST
Ningún ficheiro CSV atopado nesta iteración
Verificando /home/jefe/linked/csv ás lun 09 jun 2025 19:56:22 CEST
Ningún ficheiro CSV atopado nesta iteración
Verificando /home/jefe/linked/csv ás lun 09 jun 2025 19:56:22 CEST
Ningún ficheiro CSV atopado nesta iteración
Verificando /home/jefe/linked/csv ás lun 09 jun 2025 19:56:23 CEST
Ningún ficheiro CSV atopado nesta iteración
Verificando /home/jefe/linked/csv ás lun 09 jun 2025 19:56:23 CEST
Ningún ficheiro CSV atopado nesta iteración
Verificando /home/jefe/linked/csv ás lun 09 jun 2025 19:56:24 CEST
Ningún ficheiro CSV atopado nesta iteración
Verificando /home/jefe/linked/csv ás lun 09 jun 2025 19:56:24 CEST
Ningún ficheiro CSV atopado nesta iteración
Verificando /home/jefe/linked/csv ás lun 09 jun 2025 19:56:25 CEST
Ningún ficheiro CSV atopado nesta iteración
Verificando /home/jefe/linked/csv ás lun 09 jun 2025 19:56:25 CEST
Ningún ficheiro CSV atopado nesta iteración
Verificando /home/jefe/linked/csv ás lun 09 jun 2025 19:56:26 CEST
Ningún ficheiro CSV atopado nesta iteración
Verificando /home/jefe/linked/csv ás lun 09 jun 2025 19:56:26 CEST
Ningún ficheiro CSV atopado nesta iteración
Verificando /home/jefe/linked/csv ás lun 09 jun 2025 19:56:27 CEST
Ningún ficheiro CSV atopado nesta iteración
Verificando /home/jefe/linked/csv ás lun 09 jun 2025 19:56:27 CEST
Ningún ficheiro CSV atopado nesta iteración
Verificando /home/jefe/linked/csv ás lun 09 jun 2025 19:56:28 CEST
Ningún ficheiro CSV atopado nesta iteración
Verificando /home/jefe/linked/csv ás lun 09 jun 2025 19:56:28 CEST
Ningún ficheiro CSV atopado nesta iteración
Verificando /home/jefe/linked/csv ás lun 09 jun 2025 19:56:29 CEST
Ningún ficheiro CSV atopado nesta iteración
Verificando /home/jefe/linked/csv ás lun 09 jun 2025 19:56:29 CEST
Ningún ficheiro CSV atopado nesta iteración
Verificando /home/jefe/linked/csv ás lun 09 jun 2025 19:56:30 CEST
Ningún ficheiro CSV atopado nesta iteración
Verificando /home/jefe/linked/csv ás lun 09 jun 2025 19:56:30 CEST
Ningún ficheiro CSV atopado nesta iteración
Verificando /home/jefe/linked/csv ás lun 09 jun 2025 19:56:31 CEST
Ningún ficheiro CSV atopado nesta iteración
Verificando /home/jefe/linked/csv ás lun 09 jun 2025 19:56:31 CEST
Ningún ficheiro CSV atopado nesta iteración
Verificando /home/jefe/linked/csv ás lun 09 jun 2025 19:56:32 CEST
Ningún ficheiro CSV atopado nesta iteración
Verificando /home/jefe/linked/csv ás lun 09 jun 2025 19:56:32 CEST
Ningún ficheiro CSV atopado nesta iteración
Verificando /home/jefe/linked/csv ás lun 09 jun 2025 19:56:33 CEST
Ningún ficheiro CSV atopado nesta iteración
Verificando /home/jefe/linked/csv ás lun 09 jun 2025 19:56:33 CEST
Ningún ficheiro CSV atopado nesta iteración
Verificando /home/jefe/linked/csv ás lun 09 jun 2025 19:56:34 CEST
Ningún ficheiro CSV atopado nesta iteración
Verificando /home/jefe/linked/csv ás lun 09 jun 2025 19:56:34 CEST
Ningún ficheiro CSV atopado nesta iteración
Verificando /home/jefe/linked/csv ás lun 09 jun 2025 19:56:35 CEST
Ningún ficheiro CSV atopado nesta iteración
Verificando /home/jefe/linked/csv ás lun 09 jun 2025 19:56:35 CEST
Ningún ficheiro CSV atopado nesta iteración
Verificando /home/jefe/linked/csv ás lun 09 jun 2025 19:56:36 CEST
Ningún ficheiro CSV atopado nesta iteración
Verificando /home/jefe/linked/csv ás lun 09 jun 2025 19:56:36 CEST
Ningún ficheiro CSV atopado nesta iteración
Verificando /home/jefe/linked/csv ás lun 09 jun 2025 19:56:37 CEST
Ningún ficheiro CSV atopado nesta iteración
Verificando /home/jefe/linked/csv ás lun 09 jun 2025 19:56:37 CEST
Ningún ficheiro CSV atopado nesta iteración
Verificando /home/jefe/linked/csv ás lun 09 jun 2025 19:56:38 CEST
Ningún ficheiro CSV atopado nesta iteración
Verificando /home/jefe/linked/csv ás lun 09 jun 2025 19:56:38 CEST
Ningún ficheiro CSV atopado nesta iteración
Verificando /home/jefe/linked/csv ás lun 09 jun 2025 19:56:39 CEST
Ningún ficheiro CSV atopado nesta iteración
Verificando /home/jefe/linked/csv ás lun 09 jun 2025 19:56:39 CEST
Ningún ficheiro CSV atopado nesta iteración
Verificando /home/jefe/linked/csv ás lun 09 jun 2025 19:56:40 CEST
Ningún ficheiro CSV atopado nesta iteración
Verificando /home/jefe/linked/csv ás lun 09 jun 2025 19:56:40 CEST
Ningún ficheiro CSV atopado nesta iteración
Verificando /home/jefe/linked/csv ás lun 09 jun 2025 19:56:41 CEST
Ningún ficheiro CSV atopado nesta iteración
Verificando /home/jefe/linked/csv ás lun 09 jun 2025 19:56:41 CEST
Ningún ficheiro CSV atopado nesta iteración
Verificando /home/jefe/linked/csv ás lun 09 jun 2025 19:56:42 CEST
Ningún ficheiro CSV atopado nesta iteración
Verificando /home/jefe/linked/csv ás lun 09 jun 2025 19:56:42 CEST
Ningún ficheiro CSV atopado nesta iteración
Verificando /home/jefe/linked/csv ás lun 09 jun 2025 19:56:43 CEST
Ningún ficheiro CSV atopado nesta iteración
Verificando /home/jefe/linked/csv ás lun 09 jun 2025 19:56:43 CEST
Ningún ficheiro CSV atopado nesta iteración
Verificando /home/jefe/linked/csv ás lun 09 jun 2025 19:56:44 CEST
Ningún ficheiro CSV atopado nesta iteración
Verificando /home/jefe/linked/csv ás lun 09 jun 2025 19:56:44 CEST
Ningún ficheiro CSV atopado nesta iteración
Verificando /home/jefe/linked/csv ás lun 09 jun 2025 19:56:45 CEST
Ningún ficheiro CSV atopado nesta iteración
Verificando /home/jefe/linked/csv ás lun 09 jun 2025 19:56:45 CEST
Ningún ficheiro CSV atopado nesta iteración
Verificando /home/jefe/linked/csv ás lun 09 jun 2025 19:56:46 CEST
Ningún ficheiro CSV atopado nesta iteración
Verificando /home/jefe/linked/csv ás lun 09 jun 2025 19:56:46 CEST
Ningún ficheiro CSV atopado nesta iteración
Verificando /home/jefe/linked/csv ás lun 09 jun 2025 19:56:47 CEST
Ningún ficheiro CSV atopado nesta iteración
Verificando /home/jefe/linked/csv ás lun 09 jun 2025 19:56:47 CEST
Ningún ficheiro CSV atopado nesta iteración
Verificando /home/jefe/linked/csv ás lun 09 jun 2025 19:56:48 CEST
Ningún ficheiro CSV atopado nesta iteración
Verificando /home/jefe/linked/csv ás lun 09 jun 2025 19:56:48 CEST
Ningún ficheiro CSV atopado nesta iteración
Verificando /home/jefe/linked/csv ás lun 09 jun 2025 19:56:49 CEST
Ningún ficheiro CSV atopado nesta iteración
Verificando /home/jefe/linked/csv ás lun 09 jun 2025 19:56:49 CEST
Ningún ficheiro CSV atopado nesta iteración
Verificando /home/jefe/linked/csv ás lun 09 jun 2025 19:56:50 CEST
Ningún ficheiro CSV atopado nesta iteración
Verificando /home/jefe/linked/csv ás lun 09 jun 2025 19:56:50 CEST
Ningún ficheiro CSV atopado nesta iteración
Verificando /home/jefe/linked/csv ás lun 09 jun 2025 19:56:51 CEST
Ningún ficheiro CSV atopado nesta iteración
Verificando /home/jefe/linked/csv ás lun 09 jun 2025 19:56:51 CEST
Ningún ficheiro CSV atopado nesta iteración
Verificando /home/jefe/linked/csv ás lun 09 jun 2025 19:56:52 CEST
Ningún ficheiro CSV atopado nesta iteración
Verificando /home/jefe/linked/csv ás lun 09 jun 2025 19:56:52 CEST
Ningún ficheiro CSV atopado nesta iteración
Verificando /home/jefe/linked/csv ás lun 09 jun 2025 19:56:53 CEST
Ningún ficheiro CSV atopado nesta iteración
Verificando /home/jefe/linked/csv ás lun 09 jun 2025 19:56:53 CEST
Ningún ficheiro CSV atopado nesta iteración
Verificando /home/jefe/linked/csv ás lun 09 jun 2025 19:56:54 CEST
Ningún ficheiro CSV atopado nesta iteración
Verificando /home/jefe/linked/csv ás lun 09 jun 2025 19:56:54 CEST
Ningún ficheiro CSV atopado nesta iteración
Verificando /home/jefe/linked/csv ás lun 09 jun 2025 19:56:55 CEST
Ningún ficheiro CSV atopado nesta iteración
Verificando /home/jefe/linked/csv ás lun 09 jun 2025 19:56:55 CEST
Ningún ficheiro CSV atopado nesta iteración
Verificando /home/jefe/linked/csv ás lun 09 jun 2025 19:56:56 CEST
Ningún ficheiro CSV atopado nesta iteración
Verificando /home/jefe/linked/csv ás lun 09 jun 2025 19:56:56 CEST
Ningún ficheiro CSV atopado nesta iteración
Verificando /home/jefe/linked/csv ás lun 09 jun 2025 19:56:57 CEST
Ningún ficheiro CSV atopado nesta iteración
Verificando /home/jefe/linked/csv ás lun 09 jun 2025 19:56:57 CEST
Ningún ficheiro CSV atopado nesta iteración
Verificando /home/jefe/linked/csv ás lun 09 jun 2025 19:56:58 CEST
Ningún ficheiro CSV atopado nesta iteración
Verificando /home/jefe/linked/csv ás lun 09 jun 2025 19:56:58 CEST
Ningún ficheiro CSV atopado nesta iteración
Verificando /home/jefe/linked/csv ás lun 09 jun 2025 19:56:59 CEST
Ningún ficheiro CSV atopado nesta iteración
Verificando /home/jefe/linked/csv ás lun 09 jun 2025 19:56:59 CEST
Ningún ficheiro CSV atopado nesta iteración
Verificando /home/jefe/linked/csv ás lun 09 jun 2025 19:57:00 CEST
Ningún ficheiro CSV atopado nesta iteración
Verificando /home/jefe/linked/csv ás lun 09 jun 2025 19:57:00 CEST
Ningún ficheiro CSV atopado nesta iteración
Verificando /home/jefe/linked/csv ás lun 09 jun 2025 19:57:01 CEST
Ningún ficheiro CSV atopado nesta iteración
Verificando /home/jefe/linked/csv ás lun 09 jun 2025 19:57:01 CEST
Ningún ficheiro CSV atopado nesta iteración
Verificando /home/jefe/linked/csv ás lun 09 jun 2025 19:57:02 CEST
Ningún ficheiro CSV atopado nesta iteración
Verificando /home/jefe/linked/csv ás lun 09 jun 2025 19:57:02 CEST
Ningún ficheiro CSV atopado nesta iteración
Verificando /home/jefe/linked/csv ás lun 09 jun 2025 19:57:03 CEST
Ningún ficheiro CSV atopado nesta iteración
Verificando /home/jefe/linked/csv ás lun 09 jun 2025 19:57:03 CEST
Ningún ficheiro CSV atopado nesta iteración
Verificando /home/jefe/linked/csv ás lun 09 jun 2025 19:57:04 CEST
Ningún ficheiro CSV atopado nesta iteración
Verificando /home/jefe/linked/csv ás lun 09 jun 2025 19:57:04 CEST
Ningún ficheiro CSV atopado nesta iteración
Verificando /home/jefe/linked/csv ás lun 09 jun 2025 19:57:05 CEST
Ningún ficheiro CSV atopado nesta iteración
Verificando /home/jefe/linked/csv ás lun 09 jun 2025 19:57:05 CEST
Ningún ficheiro CSV atopado nesta iteración
Verificando /home/jefe/linked/csv ás lun 09 jun 2025 19:57:06 CEST
Ningún ficheiro CSV atopado nesta iteración
Verificando /home/jefe/linked/csv ás lun 09 jun 2025 19:57:06 CEST
Ningún ficheiro CSV atopado nesta iteración
Verificando /home/jefe/linked/csv ás lun 09 jun 2025 19:57:07 CEST
Ningún ficheiro CSV atopado nesta iteración
Verificando /home/jefe/linked/csv ás lun 09 jun 2025 19:57:07 CEST
Ningún ficheiro CSV atopado nesta iteración
Verificando /home/jefe/linked/csv ás lun 09 jun 2025 19:57:08 CEST
Ningún ficheiro CSV atopado nesta iteración
Verificando /home/jefe/linked/csv ás lun 09 jun 2025 19:57:08 CEST
Ningún ficheiro CSV atopado nesta iteración
Verificando /home/jefe/linked/csv ás lun 09 jun 2025 19:57:09 CEST
Ningún ficheiro CSV atopado nesta iteración
Verificando /home/jefe/linked/csv ás lun 09 jun 2025 19:57:09 CEST
Ningún ficheiro CSV atopado nesta iteración
Verificando /home/jefe/linked/csv ás lun 09 jun 2025 19:57:10 CEST
Ningún ficheiro CSV atopado nesta iteración
Verificando /home/jefe/linked/csv ás lun 09 jun 2025 19:57:10 CEST
Ningún ficheiro CSV atopado nesta iteración
Verificando /home/jefe/linked/csv ás lun 09 jun 2025 19:57:11 CEST
Ningún ficheiro CSV atopado nesta iteración
Verificando /home/jefe/linked/csv ás lun 09 jun 2025 19:57:11 CEST
Ningún ficheiro CSV atopado nesta iteración
Verificando /home/jefe/linked/csv ás lun 09 jun 2025 19:57:12 CEST
Ningún ficheiro CSV atopado nesta iteración
Verificando /home/jefe/linked/csv ás lun 09 jun 2025 19:57:12 CEST
Ningún ficheiro CSV atopado nesta iteración
Verificando /home/jefe/linked/csv ás lun 09 jun 2025 19:57:13 CEST
Ningún ficheiro CSV atopado nesta iteración
Verificando /home/jefe/linked/csv ás lun 09 jun 2025 19:57:13 CEST
Ningún ficheiro CSV atopado nesta iteración
Verificando /home/jefe/linked/csv ás lun 09 jun 2025 19:57:14 CEST
Ningún ficheiro CSV atopado nesta iteración
Verificando /home/jefe/linked/csv ás lun 09 jun 2025 19:57:14 CEST
Ningún ficheiro CSV atopado nesta iteración
Verificando /home/jefe/linked/csv ás lun 09 jun 2025 19:57:15 CEST
Ningún ficheiro CSV atopado nesta iteración
Verificando /home/jefe/linked/csv ás lun 09 jun 2025 19:57:15 CEST
Ningún ficheiro CSV atopado nesta iteración
Verificando /home/jefe/linked/csv ás lun 09 jun 2025 19:57:16 CEST
Ningún ficheiro CSV atopado nesta iteración
Verificando /home/jefe/linked/csv ás lun 09 jun 2025 19:57:16 CEST
Ningún ficheiro CSV atopado nesta iteración
Verificando /home/jefe/linked/csv ás lun 09 jun 2025 19:57:17 CEST
Ningún ficheiro CSV atopado nesta iteración
Verificando /home/jefe/linked/csv ás lun 09 jun 2025 19:57:17 CEST
Ningún ficheiro CSV atopado nesta iteración
Verificando /home/jefe/linked/csv ás lun 09 jun 2025 19:57:18 CEST
Ningún ficheiro CSV atopado nesta iteración
Verificando /home/jefe/linked/csv ás lun 09 jun 2025 19:57:18 CEST
Ningún ficheiro CSV atopado nesta iteración
Verificando /home/jefe/linked/csv ás lun 09 jun 2025 19:57:19 CEST
Ningún ficheiro CSV atopado nesta iteración
Verificando /home/jefe/linked/csv ás lun 09 jun 2025 19:57:19 CEST
Ningún ficheiro CSV atopado nesta iteración
Verificando /home/jefe/linked/csv ás lun 09 jun 2025 19:57:20 CEST
Ningún ficheiro CSV atopado nesta iteración
Verificando /home/jefe/linked/csv ás lun 09 jun 2025 19:57:20 CEST
Ningún ficheiro CSV atopado nesta iteración
Verificando /home/jefe/linked/csv ás lun 09 jun 2025 19:57:21 CEST
Ningún ficheiro CSV atopado nesta iteración
Verificando /home/jefe/linked/csv ás lun 09 jun 2025 19:57:21 CEST
Ningún ficheiro CSV atopado nesta iteración
Verificando /home/jefe/linked/csv ás lun 09 jun 2025 19:57:22 CEST
Ningún ficheiro CSV atopado nesta iteración
Verificando /home/jefe/linked/csv ás lun 09 jun 2025 19:57:22 CEST
Ningún ficheiro CSV atopado nesta iteración
Verificando /home/jefe/linked/csv ás lun 09 jun 2025 19:57:23 CEST
Ningún ficheiro CSV atopado nesta iteración
Verificando /home/jefe/linked/csv ás lun 09 jun 2025 19:57:23 CEST
Ningún ficheiro CSV atopado nesta iteración
Verificando /home/jefe/linked/csv ás lun 09 jun 2025 19:57:24 CEST
Ningún ficheiro CSV atopado nesta iteración
Verificando /home/jefe/linked/csv ás lun 09 jun 2025 19:57:24 CEST
Ningún ficheiro CSV atopado nesta iteración
Verificando /home/jefe/linked/csv ás lun 09 jun 2025 19:57:25 CEST
Ningún ficheiro CSV atopado nesta iteración
Verificando /home/jefe/linked/csv ás lun 09 jun 2025 19:57:25 CEST
Ningún ficheiro CSV atopado nesta iteración
Verificando /home/jefe/linked/csv ás lun 09 jun 2025 19:57:26 CEST
Ningún ficheiro CSV atopado nesta iteración
Verificando /home/jefe/linked/csv ás lun 09 jun 2025 19:57:26 CEST
Ningún ficheiro CSV atopado nesta iteración
Verificando /home/jefe/linked/csv ás lun 09 jun 2025 19:57:27 CEST
Ningún ficheiro CSV atopado nesta iteración
Verificando /home/jefe/linked/csv ás lun 09 jun 2025 19:57:27 CEST
Ningún ficheiro CSV atopado nesta iteración
Verificando /home/jefe/linked/csv ás lun 09 jun 2025 19:57:28 CEST
Ningún ficheiro CSV atopado nesta iteración
Verificando /home/jefe/linked/csv ás lun 09 jun 2025 19:57:28 CEST
Ningún ficheiro CSV atopado nesta iteración
Verificando /home/jefe/linked/csv ás lun 09 jun 2025 19:57:29 CEST
Ningún ficheiro CSV atopado nesta iteración
Verificando /home/jefe/linked/csv ás lun 09 jun 2025 19:57:29 CEST
Ningún ficheiro CSV atopado nesta iteración
Verificando /home/jefe/linked/csv ás lun 09 jun 2025 19:57:30 CEST
Ningún ficheiro CSV atopado nesta iteración
Verificando /home/jefe/linked/csv ás lun 09 jun 2025 19:57:30 CEST
Ningún ficheiro CSV atopado nesta iteración
Verificando /home/jefe/linked/csv ás lun 09 jun 2025 19:57:31 CEST
Ningún ficheiro CSV atopado nesta iteración
Verificando /home/jefe/linked/csv ás lun 09 jun 2025 19:57:31 CEST
Ningún ficheiro CSV atopado nesta iteración
Verificando /home/jefe/linked/csv ás lun 09 jun 2025 19:57:32 CEST
Ningún ficheiro CSV atopado nesta iteración
Verificando /home/jefe/linked/csv ás lun 09 jun 2025 19:57:32 CEST
Ningún ficheiro CSV atopado nesta iteración
Verificando /home/jefe/linked/csv ás lun 09 jun 2025 19:57:33 CEST
Ningún ficheiro CSV atopado nesta iteración
Verificando /home/jefe/linked/csv ás lun 09 jun 2025 19:57:33 CEST
Ningún ficheiro CSV atopado nesta iteración
Verificando /home/jefe/linked/csv ás lun 09 jun 2025 19:57:34 CEST
Ningún ficheiro CSV atopado nesta iteración
Verificando /home/jefe/linked/csv ás lun 09 jun 2025 19:57:34 CEST
Ningún ficheiro CSV atopado nesta iteración
Verificando /home/jefe/linked/csv ás lun 09 jun 2025 19:57:35 CEST
Ningún ficheiro CSV atopado nesta iteración
Verificando /home/jefe/linked/csv ás lun 09 jun 2025 19:57:35 CEST
Ningún ficheiro CSV atopado nesta iteración
Verificando /home/jefe/linked/csv ás lun 09 jun 2025 19:57:36 CEST
Ningún ficheiro CSV atopado nesta iteración
Verificando /home/jefe/linked/csv ás lun 09 jun 2025 19:57:36 CEST
Ningún ficheiro CSV atopado nesta iteración
Verificando /home/jefe/linked/csv ás lun 09 jun 2025 19:57:37 CEST
Ningún ficheiro CSV atopado nesta iteración
Verificando /home/jefe/linked/csv ás lun 09 jun 2025 19:57:37 CEST
Ningún ficheiro CSV atopado nesta iteración
Verificando /home/jefe/linked/csv ás lun 09 jun 2025 19:57:38 CEST
Ningún ficheiro CSV atopado nesta iteración
Verificando /home/jefe/linked/csv ás lun 09 jun 2025 19:57:38 CEST
Ningún ficheiro CSV atopado nesta iteración
Verificando /home/jefe/linked/csv ás lun 09 jun 2025 19:57:39 CEST
Ningún ficheiro CSV atopado nesta iteración
Verificando /home/jefe/linked/csv ás lun 09 jun 2025 19:57:39 CEST
Ningún ficheiro CSV atopado nesta iteración
Verificando /home/jefe/linked/csv ás lun 09 jun 2025 19:57:40 CEST
Ningún ficheiro CSV atopado nesta iteración
Verificando /home/jefe/linked/csv ás lun 09 jun 2025 19:57:40 CEST
Ningún ficheiro CSV atopado nesta iteración
Verificando /home/jefe/linked/csv ás lun 09 jun 2025 19:57:41 CEST
Ningún ficheiro CSV atopado nesta iteración
Verificando /home/jefe/linked/csv ás lun 09 jun 2025 19:57:41 CEST
Ningún ficheiro CSV atopado nesta iteración
Verificando /home/jefe/linked/csv ás lun 09 jun 2025 19:57:42 CEST
Ningún ficheiro CSV atopado nesta iteración
Verificando /home/jefe/linked/csv ás lun 09 jun 2025 19:57:42 CEST
Ningún ficheiro CSV atopado nesta iteración
Verificando /home/jefe/linked/csv ás lun 09 jun 2025 19:57:43 CEST
Ningún ficheiro CSV atopado nesta iteración
Verificando /home/jefe/linked/csv ás lun 09 jun 2025 19:57:43 CEST
Ningún ficheiro CSV atopado nesta iteración
Verificando /home/jefe/linked/csv ás lun 09 jun 2025 19:57:44 CEST
Ningún ficheiro CSV atopado nesta iteración
Verificando /home/jefe/linked/csv ás lun 09 jun 2025 19:57:44 CEST
Ningún ficheiro CSV atopado nesta iteración
Verificando /home/jefe/linked/csv ás lun 09 jun 2025 19:57:45 CEST
Ningún ficheiro CSV atopado nesta iteración
Verificando /home/jefe/linked/csv ás lun 09 jun 2025 19:57:45 CEST
Ningún ficheiro CSV atopado nesta iteración
Verificando /home/jefe/linked/csv ás lun 09 jun 2025 19:57:46 CEST
Ningún ficheiro CSV atopado nesta iteración
Verificando /home/jefe/linked/csv ás lun 09 jun 2025 19:57:46 CEST
Ningún ficheiro CSV atopado nesta iteración
Verificando /home/jefe/linked/csv ás lun 09 jun 2025 19:57:47 CEST
Ningún ficheiro CSV atopado nesta iteración
Verificando /home/jefe/linked/csv ás lun 09 jun 2025 19:57:47 CEST
Ningún ficheiro CSV atopado nesta iteración
Verificando /home/jefe/linked/csv ás lun 09 jun 2025 19:57:48 CEST
Ningún ficheiro CSV atopado nesta iteración
Verificando /home/jefe/linked/csv ás lun 09 jun 2025 19:57:48 CEST
Ningún ficheiro CSV atopado nesta iteración
Verificando /home/jefe/linked/csv ás lun 09 jun 2025 19:57:49 CEST
Ningún ficheiro CSV atopado nesta iteración
Verificando /home/jefe/linked/csv ás lun 09 jun 2025 19:57:49 CEST
Ningún ficheiro CSV atopado nesta iteración
Verificando /home/jefe/linked/csv ás lun 09 jun 2025 19:57:50 CEST
Ningún ficheiro CSV atopado nesta iteración
Verificando /home/jefe/linked/csv ás lun 09 jun 2025 19:57:50 CEST
Ningún ficheiro CSV atopado nesta iteración
Verificando /home/jefe/linked/csv ás lun 09 jun 2025 19:57:51 CEST
Ningún ficheiro CSV atopado nesta iteración
Verificando /home/jefe/linked/csv ás lun 09 jun 2025 19:57:51 CEST
Ningún ficheiro CSV atopado nesta iteración
Verificando /home/jefe/linked/csv ás lun 09 jun 2025 19:57:52 CEST
Ningún ficheiro CSV atopado nesta iteración
Verificando /home/jefe/linked/csv ás lun 09 jun 2025 19:57:52 CEST
Ningún ficheiro CSV atopado nesta iteración
Verificando /home/jefe/linked/csv ás lun 09 jun 2025 19:57:53 CEST
Ningún ficheiro CSV atopado nesta iteración
Verificando /home/jefe/linked/csv ás lun 09 jun 2025 19:57:53 CEST
Ningún ficheiro CSV atopado nesta iteración
Verificando /home/jefe/linked/csv ás lun 09 jun 2025 19:57:54 CEST
Ningún ficheiro CSV atopado nesta iteración
Verificando /home/jefe/linked/csv ás lun 09 jun 2025 19:57:54 CEST
Ningún ficheiro CSV atopado nesta iteración
 Network hostez-web_default  Creating
 Network hostez-web_default  Created
 Container hostez-web-web-1  Creating
 Container hostez-web-web-1  Created
 Container hostez-web-web-1  Starting
 Container hostez-web-web-1  Started
 Container hostez-web-web-1  Running
 Network hostez-web_default  Creating
 Network hostez-web_default  Created
 Container hostez-web-web-1  Creating
 Container hostez-web-web-1  Created
 Container hostez-web-web-1  Starting
 Container hostez-web-web-1  Started
 Container hostez-web-web-1  Running
 Container hostez-web-web-1  Starting
 Container hostez-web-web-1  Started
 Network hostez-web_default  Creating
 Network hostez-web_default  Created
 Container hostez-web-web-1  Creating
 Container hostez-web-web-1  Created
 Container hostez-web-web-1  Starting
 Container hostez-web-web-1  Started
 Container hostez-web-web-1  Starting
 Container hostez-web-web-1  Started
